date,push_time,log_file,name,code,cnt,cnt_max,premium_rt
2026-04-22,,cb_noredeem_20260422_0100.log,超达转债,123187,8,15,-2.2
2026-04-22,,cb_noredeem_20260422_0100.log,华兴转债,118003,14,15,1.45
2026-04-22,,cb_noredeem_20260422_0800.log,超达转债,123187,8,15,-2.2
2026-04-22,,cb_noredeem_20260422_0800.log,华兴转债,118003,14,15,1.45
2026-04-22,,cb_noredeem_20260422_1148.log,盈峰转债,127024,8,15,-0.31
2026-04-22,,cb_noredeem_20260422_1148.log,华兴转债,118003,14,15,1.5
2026-04-22,,cb_noredeem_20260422_1148.log,超达转债,123187,8,15,1.96
2026-04-22,,cb_noredeem_20260422_1148.log,盈峰转债,127024,8,15,-0.31
2026-04-22,,cb_noredeem_20260422_1148.log,华兴转债,118003,14,15,1.5
2026-04-22,,cb_noredeem_20260422_1148.log,超达转债,123187,8,15,1.96
2026-04-22,,cb_noredeem_20260422_1149.log,盈峰转债,127024,8,15,-0.31
2026-04-22,,cb_noredeem_20260422_1149.log,华兴转债,118003,14,15,1.5
2026-04-22,,cb_noredeem_20260422_1149.log,超达转债,123187,8,15,1.96
2026-04-22,,cb_noredeem_20260422_1200.log,盈峰转债,127024,8,15,-0.31
2026-04-22,,cb_noredeem_20260422_1200.log,华兴转债,118003,14,15,1.5
2026-04-22,,cb_noredeem_20260422_1200.log,超达转债,123187,8,15,1.96
2026-04-22,,cb_noredeem_20260422_1400.log,盈峰转债,127024,8,15,-0.21
2026-04-22,,cb_noredeem_20260422_1420.log,盈峰转债,127024,8,15,-0.19
2026-04-22,,cb_noredeem_20260422_1420.log,超达转债,123187,8,15,0.9
2026-04-22,,cb_noredeem_20260422_1600.log,超达转债,123187,9,15,0.13
2026-04-22,,cb_noredeem_20260422_1600.log,盈峰转债,127024,9,15,0.36
2026-04-22,,cb_noredeem_20260422_2200.log,超达转债,123187,9,15,0.13
2026-04-22,,cb_noredeem_20260422_2200.log,盈峰转债,127024,9,15,0.36
2026-04-23,,cb_noredeem_20260423_0100.log,超达转债,123187,9,15,0.13
2026-04-23,,cb_noredeem_20260423_0100.log,盈峰转债,127024,9,15,0.36
2026-04-23,,cb_noredeem_20260423_0800.log,超达转债,123187,9,15,0.13
2026-04-23,,cb_noredeem_20260423_0800.log,盈峰转债,127024,9,15,0.36
2026-04-23,,cb_noredeem_20260423_1030.log,翔丰转债,123225,1,15,0.2
2026-04-23,,cb_noredeem_20260423_1030.log,盈峰转债,127024,9,15,0.31
2026-04-23,,cb_noredeem_20260423_1030.log,瑞丰转债,123126,9,15,0.6
2026-04-23,,cb_noredeem_20260423_1030.log,超达转债,123187,9,15,1.17
2026-04-23,,cb_noredeem_20260423_1200.log,盈峰转债,127024,9,15,0.18
2026-04-23,,cb_noredeem_20260423_1200.log,超达转债,123187,9,15,0.69
2026-04-23,,cb_noredeem_20260423_1200.log,翔丰转债,123225,1,15,0.96
2026-04-23,,cb_noredeem_20260423_1400.log,超达转债,123187,9,15,-0.61
2026-04-23,,cb_noredeem_20260423_1400.log,瑞丰转债,123126,9,15,0.23
2026-04-23,,cb_noredeem_20260423_1400.log,翔丰转债,123225,1,15,0.86
2026-04-23,,cb_noredeem_20260423_1400.log,盈峰转债,127024,9,15,1.71
2026-04-23,,cb_noredeem_20260423_1400.log,华特转债,118033,2,15,1.84
2026-04-23,,cb_noredeem_20260423_1600.log,超达转债,123187,10,15,-0.07
2026-04-23,,cb_noredeem_20260423_1600.log,翔丰转债,123225,2,15,0.07
2026-04-23,,cb_noredeem_20260423_1600.log,瑞丰转债,123126,10,15,0.54
2026-04-23,,cb_noredeem_20260423_1600.log,华特转债,118033,3,15,1.51
2026-04-23,,cb_noredeem_20260423_1600.log,盈峰转债,127024,10,15,1.73
2026-04-23,,cb_noredeem_20260423_2200.log,超达转债,123187,10,15,-0.07
2026-04-23,,cb_noredeem_20260423_2200.log,翔丰转债,123225,2,15,0.07
2026-04-23,,cb_noredeem_20260423_2200.log,瑞丰转债,123126,10,15,0.54
2026-04-23,,cb_noredeem_20260423_2200.log,华特转债,118033,3,15,1.51
2026-04-23,,cb_noredeem_20260423_2200.log,盈峰转债,127024,10,15,1.73
2026-04-24,,cb_noredeem_20260424_0100.log,超达转债,123187,10,15,-0.07
2026-04-24,,cb_noredeem_20260424_0100.log,翔丰转债,123225,2,15,0.07
2026-04-24,,cb_noredeem_20260424_0100.log,瑞丰转债,123126,10,15,0.54
2026-04-24,,cb_noredeem_20260424_0100.log,华特转债,118033,3,15,1.51
2026-04-24,,cb_noredeem_20260424_0100.log,盈峰转债,127024,10,15,1.73
2026-04-24,,cb_noredeem_20260424_0800.log,超达转债,123187,10,15,-0.07
2026-04-24,,cb_noredeem_20260424_0800.log,翔丰转债,123225,2,15,0.07
2026-04-24,,cb_noredeem_20260424_0800.log,瑞丰转债,123126,10,15,0.54
2026-04-24,,cb_noredeem_20260424_0800.log,华特转债,118033,3,15,1.51
2026-04-24,,cb_noredeem_20260424_0800.log,盈峰转债,127024,10,15,1.73
2026-04-24,,cb_noredeem_20260424_1030.log,华特转债,118033,3,15,-1.26
2026-04-24,,cb_noredeem_20260424_1030.log,超达转债,123187,10,15,-0.63
2026-04-24,,cb_noredeem_20260424_1030.log,翔丰转债,123225,2,15,0.68
2026-04-24,,cb_noredeem_20260424_1030.log,盈峰转债,127024,10,15,1.85
2026-04-24,,cb_noredeem_20260424_1200.log,超达转债,123187,10,15,-1.65
2026-04-24,,cb_noredeem_20260424_1200.log,华特转债,118033,3,15,-1.4
2026-04-24,,cb_noredeem_20260424_1200.log,翔丰转债,123225,2,15,0.63
2026-04-24,,cb_noredeem_20260424_1200.log,盈峰转债,127024,10,15,1.22
2026-04-24,,cb_noredeem_20260424_1200.log,博瑞转债,118004,13,15,1.41
2026-04-24,,cb_noredeem_20260424_1400.log,超达转债,123187,10,15,-2.17
2026-04-24,,cb_noredeem_20260424_1400.log,华特转债,118033,3,15,-1.83
2026-04-24,,cb_noredeem_20260424_1400.log,盈峰转债,127024,10,15,0.17
2026-04-24,,cb_noredeem_20260424_1400.log,博瑞转债,118004,13,15,0.92
2026-04-24,,cb_noredeem_20260424_1400.log,翔丰转债,123225,2,15,1.18
2026-04-24,,cb_noredeem_20260424_1600.log,盈峰转债,127024,11,15,-1.09
2026-04-24,,cb_noredeem_20260424_1600.log,超达转债,123187,11,15,-0.42
2026-04-24,,cb_noredeem_20260424_1600.log,华特转债,118033,4,15,-0.33
2026-04-24,,cb_noredeem_20260424_1600.log,博瑞转债,118004,14,15,1.93
2026-04-24,,cb_noredeem_20260424_1600.log,翔丰转债,123225,3,15,1.95
2026-04-24,,cb_noredeem_20260424_2200.log,盈峰转债,127024,11,15,-1.09
2026-04-24,,cb_noredeem_20260424_2200.log,超达转债,123187,11,15,-0.42
2026-04-24,,cb_noredeem_20260424_2200.log,华特转债,118033,4,15,-0.33
2026-04-24,,cb_noredeem_20260424_2200.log,博瑞转债,118004,14,15,1.93
2026-04-24,,cb_noredeem_20260424_2200.log,翔丰转债,123225,3,15,1.95
2026-04-25,,cb_noredeem_20260425_0100.log,盈峰转债,127024,11,15,-1.09
2026-04-25,,cb_noredeem_20260425_0100.log,超达转债,123187,11,15,-0.42
2026-04-25,,cb_noredeem_20260425_0100.log,华特转债,118033,4,15,-0.33
2026-04-25,,cb_noredeem_20260425_0100.log,博瑞转债,118004,14,15,1.93
2026-04-25,,cb_noredeem_20260425_0100.log,翔丰转债,123225,3,15,1.95
2026-04-25,,cb_noredeem_20260425_0800.log,盈峰转债,127024,11,15,-1.09
2026-04-25,,cb_noredeem_20260425_0800.log,超达转债,123187,11,15,-0.42
2026-04-25,,cb_noredeem_20260425_0800.log,华特转债,118033,4,15,-0.33
2026-04-25,,cb_noredeem_20260425_0800.log,博瑞转债,118004,14,15,1.93
2026-04-25,,cb_noredeem_20260425_0800.log,翔丰转债,123225,3,15,1.95
2026-04-25,,cb_noredeem_20260425_1030.log,盈峰转债,127024,11,15,-1.09
2026-04-25,,cb_noredeem_20260425_1030.log,超达转债,123187,11,15,-0.42
2026-04-25,,cb_noredeem_20260425_1030.log,华特转债,118033,4,15,-0.33
2026-04-25,,cb_noredeem_20260425_1030.log,博瑞转债,118004,14,15,1.93
2026-04-25,,cb_noredeem_20260425_1030.log,翔丰转债,123225,3,15,1.95
2026-04-25,,cb_noredeem_20260425_1200.log,盈峰转债,127024,11,15,-1.09
2026-04-25,,cb_noredeem_20260425_1200.log,超达转债,123187,11,15,-0.42
2026-04-25,,cb_noredeem_20260425_1200.log,华特转债,118033,4,15,-0.33
2026-04-25,,cb_noredeem_20260425_1200.log,博瑞转债,118004,14,15,1.93
2026-04-25,,cb_noredeem_20260425_1200.log,翔丰转债,123225,3,15,1.95
2026-04-25,,cb_noredeem_20260425_1400.log,盈峰转债,127024,11,15,-1.09
2026-04-25,,cb_noredeem_20260425_1400.log,超达转债,123187,11,15,-0.42
2026-04-25,,cb_noredeem_20260425_1400.log,华特转债,118033,4,15,-0.33
2026-04-25,,cb_noredeem_20260425_1400.log,博瑞转债,118004,14,15,1.93
2026-04-25,,cb_noredeem_20260425_1400.log,翔丰转债,123225,3,15,1.95
2026-04-25,,cb_noredeem_20260425_1600.log,盈峰转债,127024,11,15,-1.09
2026-04-25,,cb_noredeem_20260425_1600.log,超达转债,123187,11,15,-0.42
2026-04-25,,cb_noredeem_20260425_1600.log,华特转债,118033,4,15,-0.33
2026-04-25,,cb_noredeem_20260425_1600.log,博瑞转债,118004,14,15,1.93
2026-04-25,,cb_noredeem_20260425_1600.log,翔丰转债,123225,3,15,1.95
2026-04-25,,cb_noredeem_20260425_2200.log,盈峰转债,127024,11,15,-1.09
2026-04-25,,cb_noredeem_20260425_2200.log,超达转债,123187,11,15,-0.42
2026-04-25,,cb_noredeem_20260425_2200.log,华特转债,118033,4,15,-0.33
2026-04-25,,cb_noredeem_20260425_2200.log,博瑞转债,118004,14,15,1.93
2026-04-25,,cb_noredeem_20260425_2200.log,翔丰转债,123225,3,15,1.95
2026-04-26,,cb_noredeem_20260426_0100.log,盈峰转债,127024,11,15,-1.09
2026-04-26,,cb_noredeem_20260426_0100.log,超达转债,123187,11,15,-0.42
2026-04-26,,cb_noredeem_20260426_0100.log,华特转债,118033,4,15,-0.33
2026-04-26,,cb_noredeem_20260426_0100.log,博瑞转债,118004,14,15,1.93
2026-04-26,,cb_noredeem_20260426_0100.log,翔丰转债,123225,3,15,1.95
2026-04-26,,cb_noredeem_20260426_0800.log,盈峰转债,127024,11,15,-1.09
2026-04-26,,cb_noredeem_20260426_0800.log,超达转债,123187,11,15,-0.42
2026-04-26,,cb_noredeem_20260426_0800.log,华特转债,118033,4,15,-0.33
2026-04-26,,cb_noredeem_20260426_0800.log,博瑞转债,118004,14,15,1.93
2026-04-26,,cb_noredeem_20260426_0800.log,翔丰转债,123225,3,15,1.95
2026-04-26,,cb_noredeem_20260426_1030.log,盈峰转债,127024,11,15,-1.09
2026-04-26,,cb_noredeem_20260426_1030.log,超达转债,123187,11,15,-0.42
2026-04-26,,cb_noredeem_20260426_1030.log,华特转债,118033,4,15,-0.33
2026-04-26,,cb_noredeem_20260426_1030.log,博瑞转债,118004,14,15,1.93
2026-04-26,,cb_noredeem_20260426_1030.log,翔丰转债,123225,3,15,1.95
2026-04-26,,cb_noredeem_20260426_1200.log,盈峰转债,127024,11,15,-1.09
2026-04-26,,cb_noredeem_20260426_1200.log,超达转债,123187,11,15,-0.42
2026-04-26,,cb_noredeem_20260426_1200.log,华特转债,118033,4,15,-0.33
2026-04-26,,cb_noredeem_20260426_1200.log,博瑞转债,118004,14,15,1.93
2026-04-26,,cb_noredeem_20260426_1200.log,翔丰转债,123225,3,15,1.95
2026-04-26,,cb_noredeem_20260426_1400.log,盈峰转债,127024,11,15,-1.09
2026-04-26,,cb_noredeem_20260426_1400.log,超达转债,123187,11,15,-0.42
2026-04-26,,cb_noredeem_20260426_1400.log,华特转债,118033,4,15,-0.33
2026-04-26,,cb_noredeem_20260426_1400.log,博瑞转债,118004,14,15,1.93
2026-04-26,,cb_noredeem_20260426_1400.log,翔丰转债,123225,3,15,1.95
2026-04-26,,cb_noredeem_20260426_1600.log,盈峰转债,127024,11,15,-1.09
2026-04-26,,cb_noredeem_20260426_1600.log,超达转债,123187,11,15,-0.42
2026-04-26,,cb_noredeem_20260426_1600.log,华特转债,118033,4,15,-0.33
2026-04-26,,cb_noredeem_20260426_1600.log,博瑞转债,118004,14,15,1.93
2026-04-26,,cb_noredeem_20260426_1600.log,翔丰转债,123225,3,15,1.95
2026-04-26,,cb_noredeem_20260426_2200.log,盈峰转债,127024,11,15,-1.09
2026-04-26,,cb_noredeem_20260426_2200.log,超达转债,123187,11,15,-0.42
2026-04-26,,cb_noredeem_20260426_2200.log,华特转债,118033,4,15,-0.33
2026-04-26,,cb_noredeem_20260426_2200.log,博瑞转债,118004,14,15,1.93
2026-04-26,,cb_noredeem_20260426_2200.log,翔丰转债,123225,3,15,1.95
2026-04-27,,cb_noredeem_20260427_0100.log,盈峰转债,127024,11,15,-1.09
2026-04-27,,cb_noredeem_20260427_0100.log,超达转债,123187,11,15,-0.42
2026-04-27,,cb_noredeem_20260427_0100.log,华特转债,118033,4,15,-0.33
2026-04-27,,cb_noredeem_20260427_0100.log,博瑞转债,118004,14,15,1.93
2026-04-27,,cb_noredeem_20260427_0100.log,翔丰转债,123225,3,15,1.95
2026-04-27,,cb_noredeem_20260427_0800.log,盈峰转债,127024,11,15,-1.09
2026-04-27,,cb_noredeem_20260427_0800.log,超达转债,123187,11,15,-0.42
2026-04-27,,cb_noredeem_20260427_0800.log,华特转债,118033,4,15,-0.33
2026-04-27,,cb_noredeem_20260427_0800.log,博瑞转债,118004,14,15,1.93
2026-04-27,,cb_noredeem_20260427_0800.log,翔丰转债,123225,3,15,1.95
2026-04-27,,cb_noredeem_20260427_1030.log,盈峰转债,127024,11,15,-0.14
2026-04-27,,cb_noredeem_20260427_1030.log,超达转债,123187,11,15,0.0
2026-04-27,,cb_noredeem_20260427_1030.log,华特转债,118033,4,15,1.25
2026-04-27,,cb_noredeem_20260427_1030.log,瑞丰转债,123126,11,15,1.28
2026-04-27,,cb_noredeem_20260427_1200.log,超达转债,123187,11,15,-0.07
2026-04-27,,cb_noredeem_20260427_1200.log,盈峰转债,127024,11,15,0.43
2026-04-27,,cb_noredeem_20260427_1200.log,华特转债,118033,4,15,1.74
2026-04-27,,cb_noredeem_20260427_1400.log,超达转债,123187,11,15,-0.21
2026-04-27,,cb_noredeem_20260427_1400.log,盈峰转债,127024,11,15,0.15
2026-04-27,,cb_noredeem_20260427_1400.log,华特转债,118033,4,15,0.3
2026-04-27,,cb_noredeem_20260427_1600.log,华特转债,118033,5,15,-0.4
2026-04-27,,cb_noredeem_20260427_1600.log,盈峰转债,127024,12,15,0.38
2026-04-27,,cb_noredeem_20260427_1600.log,超达转债,123187,12,15,0.6
2026-04-27,,cb_noredeem_20260427_2200.log,华特转债,118033,5,15,-0.4
2026-04-27,,cb_noredeem_20260427_2200.log,盈峰转债,127024,12,15,0.38
2026-04-27,,cb_noredeem_20260427_2200.log,超达转债,123187,12,15,0.6
2026-04-28,,cb_noredeem_20260428_0100.log,华特转债,118033,5,15,-0.4
2026-04-28,,cb_noredeem_20260428_0100.log,盈峰转债,127024,12,15,0.38
2026-04-28,,cb_noredeem_20260428_0100.log,超达转债,123187,12,15,0.6
2026-04-28,,cb_noredeem_20260428_0800.log,华特转债,118033,5,15,-0.4
2026-04-28,,cb_noredeem_20260428_0800.log,盈峰转债,127024,12,15,0.38
2026-04-28,,cb_noredeem_20260428_0800.log,超达转债,123187,12,15,0.6
2026-04-28,,cb_noredeem_20260428_1030.log,超达转债,123187,12,15,-0.05
2026-04-28,,cb_noredeem_20260428_1030.log,华特转债,118033,5,15,-0.04
2026-04-28,,cb_noredeem_20260428_1030.log,盈峰转债,127024,12,15,0.4
2026-04-28,,cb_noredeem_20260428_1030.log,瑞丰转债,123126,11,15,1.77
2026-04-28,,cb_noredeem_20260428_1200.log,华特转债,118033,5,15,-0.25
2026-04-28,,cb_noredeem_20260428_1200.log,超达转债,123187,12,15,-0.12
2026-04-28,,cb_noredeem_20260428_1200.log,瑞丰转债,123126,11,15,-0.09
2026-04-28,,cb_noredeem_20260428_1400.log,超达转债,123187,12,15,-0.42
2026-04-28,,cb_noredeem_20260428_1400.log,瑞丰转债,123126,11,15,0.11
2026-04-28,,cb_noredeem_20260428_1400.log,华特转债,118033,5,15,0.76
2026-04-28,,cb_noredeem_20260428_1600.log,瑞丰转债,123126,11,15,-1.07
2026-04-28,,cb_noredeem_20260428_1600.log,超达转债,123187,13,15,-0.29
2026-04-28,,cb_noredeem_20260428_1600.log,华特转债,118033,6,15,1.14
2026-04-28,,cb_noredeem_20260428_2200.log,瑞丰转债,123126,11,15,-1.07
2026-04-28,,cb_noredeem_20260428_2200.log,超达转债,123187,13,15,-0.29
2026-04-28,,cb_noredeem_20260428_2200.log,华特转债,118033,6,15,1.14
2026-04-29,,cb_noredeem_20260429_0100.log,瑞丰转债,123126,11,15,-1.07
2026-04-29,,cb_noredeem_20260429_0100.log,超达转债,123187,13,15,-0.29
2026-04-29,,cb_noredeem_20260429_0100.log,华特转债,118033,6,15,1.14
2026-04-29,,cb_noredeem_20260429_0800.log,瑞丰转债,123126,11,15,-1.07
2026-04-29,,cb_noredeem_20260429_0800.log,超达转债,123187,13,15,-0.29
2026-04-29,,cb_noredeem_20260429_0800.log,华特转债,118033,6,15,1.14
2026-04-29,,cb_noredeem_20260429_1000.log,帝欧转债,127047,10,15,-0.48
2026-04-29,,cb_noredeem_20260429_1000.log,超达转债,123187,13,15,-0.4
2026-04-29,,cb_noredeem_20260429_1000.log,瑞丰转债,123126,11,15,0.01
2026-04-29,,cb_noredeem_20260429_1000.log,盈峰转债,127024,13,15,1.0
2026-04-29,,cb_noredeem_20260429_1000.log,星球转债,118041,3,15,1.55
2026-04-29,,cb_noredeem_20260429_1030.log,帝欧转债,127047,10,15,-0.33
2026-04-29,,cb_noredeem_20260429_1030.log,星球转债,118041,3,15,1.08
2026-04-29,,cb_noredeem_20260429_1030.log,超达转债,123187,13,15,1.25
2026-04-29,,cb_noredeem_20260429_1030.log,瑞丰转债,123126,11,15,1.38
2026-04-29,,cb_noredeem_20260429_1030.log,盈峰转债,127024,13,15,1.71
2026-04-29,,cb_noredeem_20260429_1058.log,帝欧转债,127047,10,15,-0.4
2026-04-29,,cb_noredeem_20260429_1058.log,盈峰转债,127024,13,15,1.04
2026-04-29,,cb_noredeem_20260429_1058.log,超达转债,123187,13,15,1.12
2026-04-29,,cb_noredeem_20260429_1058.log,瑞丰转债,123126,11,15,1.33
2026-04-29,,cb_noredeem_20260429_1058.log,星球转债,118041,3,15,1.35
2026-04-29,,cb_noredeem_20260429_1100.log,帝欧转债,127047,10,15,-0.26
2026-04-29,,cb_noredeem_20260429_1100.log,盈峰转债,127024,13,15,0.86
2026-04-29,,cb_noredeem_20260429_1100.log,瑞丰转债,123126,11,15,1.36
2026-04-29,,cb_noredeem_20260429_1100.log,星球转债,118041,3,15,1.83
2026-04-29,,cb_noredeem_20260429_1100.log,超达转债,123187,13,15,1.99
2026-04-29,,cb_noredeem_20260429_1200.log,帝欧转债,127047,10,15,-0.26
2026-04-29,,cb_noredeem_20260429_1200.log,盈峰转债,127024,13,15,0.86
2026-04-29,,cb_noredeem_20260429_1200.log,瑞丰转债,123126,11,15,1.36
2026-04-29,,cb_noredeem_20260429_1200.log,星球转债,118041,3,15,1.83
2026-04-29,,cb_noredeem_20260429_1200.log,超达转债,123187,13,15,1.99
2026-04-29,,cb_noredeem_20260429_1530.log,帝欧转债,127047,11,15,-0.37
2026-04-29,,cb_noredeem_20260429_1530.log,瑞丰转债,123126,11,15,-0.26
2026-04-29,,cb_noredeem_20260429_1530.log,盈峰转债,127024,14,15,0.26
2026-04-29,,cb_noredeem_20260429_1530.log,翔丰转债,123225,6,15,0.49
2026-04-29,,cb_noredeem_20260429_1530.log,华特转债,118033,7,15,1.09
2026-04-29,,cb_noredeem_20260429_1530.log,星球转债,118041,4,15,1.52
2026-04-29,,cb_noredeem_20260429_1530.log,超达转债,123187,14,15,1.95
2026-04-29,,cb_noredeem_20260429_1600.log,帝欧转债,127047,11,15,-0.37
2026-04-29,,cb_noredeem_20260429_1600.log,瑞丰转债,123126,11,15,-0.26
2026-04-29,,cb_noredeem_20260429_1600.log,盈峰转债,127024,14,15,0.26
2026-04-29,,cb_noredeem_20260429_1600.log,翔丰转债,123225,6,15,0.49
2026-04-29,,cb_noredeem_20260429_1600.log,华特转债,118033,7,15,1.09
2026-04-29,,cb_noredeem_20260429_1600.log,星球转债,118041,4,15,1.52
2026-04-29,,cb_noredeem_20260429_1600.log,超达转债,123187,14,15,1.95
2026-04-30,,cb_noredeem_20260430_0900.log,帝欧转债,127047,11,15,-0.37
2026-04-30,,cb_noredeem_20260430_0900.log,瑞丰转债,123126,11,15,-0.26
2026-04-30,,cb_noredeem_20260430_0900.log,盈峰转债,127024,14,15,0.26
2026-04-30,,cb_noredeem_20260430_0900.log,翔丰转债,123225,6,15,0.49
2026-04-30,,cb_noredeem_20260430_0900.log,华特转债,118033,7,15,1.09
2026-04-30,,cb_noredeem_20260430_0900.log,星球转债,118041,4,15,1.52
2026-04-30,,cb_noredeem_20260430_0900.log,超达转债,123187,14,15,1.95
2026-04-30,,cb_noredeem_20260430_0930.log,盈峰转债,127024,14,15,-0.66
2026-04-30,,cb_noredeem_20260430_0930.log,瑞丰转债,123126,11,15,-0.34
2026-04-30,,cb_noredeem_20260430_0930.log,帝欧转债,127047,11,15,-0.24
2026-04-30,,cb_noredeem_20260430_0930.log,华特转债,118033,7,15,1.66
2026-04-30,,cb_noredeem_20260430_1000.log,帝欧转债,127047,11,15,-0.6
2026-04-30,,cb_noredeem_20260430_1000.log,星球转债,118041,4,15,-0.13
2026-04-30,,cb_noredeem_20260430_1000.log,瑞丰转债,123126,11,15,0.79
2026-04-30,,cb_noredeem_20260430_1000.log,盈峰转债,127024,14,15,0.8
2026-04-30,,cb_noredeem_20260430_1000.log,超达转债,123187,14,15,1.11
2026-04-30,,cb_noredeem_20260430_1030.log,帝欧转债,127047,11,15,-0.42
2026-04-30,,cb_noredeem_20260430_1030.log,盈峰转债,127024,14,15,0.01
2026-04-30,,cb_noredeem_20260430_1030.log,瑞丰转债,123126,11,15,0.14
2026-04-30,,cb_noredeem_20260430_1030.log,超达转债,123187,14,15,0.52
2026-04-30,,cb_noredeem_20260430_1030.log,翔丰转债,123225,6,15,1.88
2026-04-30,,cb_noredeem_20260430_1100.log,帝欧转债,127047,11,15,-0.54
2026-04-30,,cb_noredeem_20260430_1100.log,盈峰转债,127024,14,15,-0.23
2026-04-30,,cb_noredeem_20260430_1100.log,超达转债,123187,14,15,0.49
2026-04-30,,cb_noredeem_20260430_1100.log,瑞丰转债,123126,11,15,0.87
2026-04-30,,cb_noredeem_20260430_1100.log,翔丰转债,123225,6,15,1.41
2026-04-30,,cb_noredeem_20260430_1100.log,星球转债,118041,4,15,1.56
2026-04-30,,cb_noredeem_20260430_1130.log,帝欧转债,127047,11,15,-0.94
2026-04-30,,cb_noredeem_20260430_1130.log,盈峰转债,127024,14,15,-0.34
2026-04-30,,cb_noredeem_20260430_1130.log,瑞丰转债,123126,11,15,-0.28
2026-04-30,,cb_noredeem_20260430_1130.log,星球转债,118041,4,15,0.64
2026-04-30,,cb_noredeem_20260430_1130.log,超达转债,123187,14,15,0.77
2026-04-30,,cb_noredeem_20260430_1130.log,翔丰转债,123225,6,15,1.98
2026-04-30,,cb_noredeem_20260430_1200.log,帝欧转债,127047,11,15,-0.85
2026-04-30,,cb_noredeem_20260430_1200.log,盈峰转债,127024,14,15,-0.65
2026-04-30,,cb_noredeem_20260430_1200.log,瑞丰转债,123126,11,15,-0.15
2026-04-30,,cb_noredeem_20260430_1200.log,星球转债,118041,4,15,0.57
2026-04-30,,cb_noredeem_20260430_1200.log,超达转债,123187,14,15,0.77
2026-04-30,,cb_noredeem_20260430_1200.log,翔丰转债,123225,6,15,1.95
2026-04-30,,cb_noredeem_20260430_1230.log,帝欧转债,127047,11,15,-0.85
2026-04-30,,cb_noredeem_20260430_1230.log,盈峰转债,127024,14,15,-0.65
2026-04-30,,cb_noredeem_20260430_1230.log,瑞丰转债,123126,11,15,-0.15
2026-04-30,,cb_noredeem_20260430_1230.log,星球转债,118041,4,15,0.57
2026-04-30,,cb_noredeem_20260430_1230.log,超达转债,123187,14,15,0.77
2026-04-30,,cb_noredeem_20260430_1230.log,翔丰转债,123225,6,15,1.95
2026-04-30,,cb_noredeem_20260430_1300.log,帝欧转债,127047,11,15,-0.85
2026-04-30,,cb_noredeem_20260430_1300.log,盈峰转债,127024,14,15,-0.65
2026-04-30,,cb_noredeem_20260430_1300.log,瑞丰转债,123126,11,15,-0.15
2026-04-30,,cb_noredeem_20260430_1300.log,星球转债,118041,4,15,0.57
2026-04-30,,cb_noredeem_20260430_1300.log,超达转债,123187,14,15,0.77
2026-04-30,,cb_noredeem_20260430_1300.log,翔丰转债,123225,6,15,1.95
2026-04-30,,cb_noredeem_20260430_1330.log,帝欧转债,127047,11,15,-0.37
2026-04-30,,cb_noredeem_20260430_1330.log,瑞丰转债,123126,11,15,-0.23
2026-04-30,,cb_noredeem_20260430_1330.log,盈峰转债,127024,14,15,0.18
2026-04-30,,cb_noredeem_20260430_1330.log,华特转债,118033,7,15,0.74
2026-04-30,,cb_noredeem_20260430_1330.log,星球转债,118041,4,15,1.11
2026-04-30,,cb_noredeem_20260430_1400.log,帝欧转债,127047,11,15,-0.1
2026-04-30,,cb_noredeem_20260430_1400.log,瑞丰转债,123126,11,15,-0.07
2026-04-30,,cb_noredeem_20260430_1400.log,华特转债,118033,7,15,0.08
2026-04-30,,cb_noredeem_20260430_1400.log,盈峰转债,127024,14,15,0.35
2026-04-30,,cb_noredeem_20260430_1400.log,星球转债,118041,4,15,0.86
2026-04-30,,cb_noredeem_20260430_1400.log,翔丰转债,123225,6,15,1.5
2026-04-30,,cb_noredeem_20260430_1400.log,超达转债,123187,14,15,1.51
2026-04-30,,cb_noredeem_20260430_1430.log,帝欧转债,127047,11,15,-0.18
2026-04-30,,cb_noredeem_20260430_1430.log,华特转债,118033,7,15,0.01
2026-04-30,,cb_noredeem_20260430_1430.log,瑞丰转债,123126,11,15,0.06
2026-04-30,,cb_noredeem_20260430_1430.log,盈峰转债,127024,14,15,0.47
2026-04-30,,cb_noredeem_20260430_1430.log,星球转债,118041,4,15,0.96
2026-04-30,,cb_noredeem_20260430_1430.log,翔丰转债,123225,6,15,1.81
2026-04-30,,cb_noredeem_20260430_1500.log,瑞丰转债,123126,11,15,-0.46
2026-04-30,,cb_noredeem_20260430_1500.log,星球转债,118041,4,15,-0.28
2026-04-30,,cb_noredeem_20260430_1500.log,帝欧转债,127047,11,15,-0.07
2026-04-30,,cb_noredeem_20260430_1500.log,盈峰转债,127024,14,15,0.09
2026-04-30,,cb_noredeem_20260430_1500.log,华特转债,118033,7,15,0.8
2026-04-30,,cb_noredeem_20260430_1500.log,翔丰转债,123225,6,15,1.52
2026-04-30,,cb_noredeem_20260430_1500.log,超达转债,123187,14,15,1.85
2026-04-30,,cb_noredeem_20260430_1530.log,盈峰转债,127024,15,15,-1.93
2026-04-30,,cb_noredeem_20260430_1530.log,帝欧转债,127047,12,15,-1.22
2026-04-30,,cb_noredeem_20260430_1530.log,瑞丰转债,123126,12,15,-0.43
2026-04-30,,cb_noredeem_20260430_1530.log,星球转债,118041,5,15,-0.15
2026-04-30,,cb_noredeem_20260430_1530.log,华特转债,118033,8,15,0.74
2026-04-30,,cb_noredeem_20260430_1530.log,翔丰转债,123225,7,15,1.49
2026-04-30,,cb_noredeem_20260430_1530.log,超达转债,123187,15,15,1.9
2026-04-30,,cb_noredeem_20260430_1600.log,盈峰转债,127024,15,15,-1.93
2026-04-30,,cb_noredeem_20260430_1600.log,帝欧转债,127047,12,15,-1.22
2026-04-30,,cb_noredeem_20260430_1600.log,瑞丰转债,123126,12,15,-0.43
2026-04-30,,cb_noredeem_20260430_1600.log,星球转债,118041,5,15,-0.15
2026-04-30,,cb_noredeem_20260430_1600.log,华特转债,118033,8,15,0.74
2026-04-30,,cb_noredeem_20260430_1600.log,翔丰转债,123225,7,15,1.49
2026-04-30,,cb_noredeem_20260430_1600.log,超达转债,123187,15,15,1.9
2026-05-01,,cb_noredeem_20260501_0900.log,盈峰转债,127024,15,15,-1.93
2026-05-01,,cb_noredeem_20260501_0900.log,帝欧转债,127047,12,15,-1.22
2026-05-01,,cb_noredeem_20260501_0900.log,瑞丰转债,123126,12,15,-0.43
2026-05-01,,cb_noredeem_20260501_0900.log,星球转债,118041,5,15,-0.15
2026-05-01,,cb_noredeem_20260501_0900.log,华特转债,118033,8,15,0.74
2026-05-01,,cb_noredeem_20260501_0900.log,翔丰转债,123225,7,15,1.49
2026-05-01,,cb_noredeem_20260501_0900.log,超达转债,123187,15,15,1.9
2026-05-01,,cb_noredeem_20260501_0930.log,盈峰转债,127024,15,15,-1.93
2026-05-01,,cb_noredeem_20260501_0930.log,帝欧转债,127047,12,15,-1.22
2026-05-01,,cb_noredeem_20260501_0930.log,瑞丰转债,123126,12,15,-0.43
2026-05-01,,cb_noredeem_20260501_0930.log,星球转债,118041,5,15,-0.15
2026-05-01,,cb_noredeem_20260501_0930.log,华特转债,118033,8,15,0.74
2026-05-01,,cb_noredeem_20260501_0930.log,翔丰转债,123225,7,15,1.49
2026-05-01,,cb_noredeem_20260501_0930.log,超达转债,123187,15,15,1.9
2026-05-01,,cb_noredeem_20260501_1000.log,盈峰转债,127024,15,15,-1.93
2026-05-01,,cb_noredeem_20260501_1000.log,帝欧转债,127047,12,15,-1.22
2026-05-01,,cb_noredeem_20260501_1000.log,瑞丰转债,123126,12,15,-0.43
2026-05-01,,cb_noredeem_20260501_1000.log,星球转债,118041,5,15,-0.15
2026-05-01,,cb_noredeem_20260501_1000.log,华特转债,118033,8,15,0.74
2026-05-01,,cb_noredeem_20260501_1000.log,翔丰转债,123225,7,15,1.49
2026-05-01,,cb_noredeem_20260501_1000.log,超达转债,123187,15,15,1.9
2026-05-01,,cb_noredeem_20260501_1030.log,盈峰转债,127024,15,15,-1.93
2026-05-01,,cb_noredeem_20260501_1030.log,帝欧转债,127047,12,15,-1.22
2026-05-01,,cb_noredeem_20260501_1030.log,瑞丰转债,123126,12,15,-0.43
2026-05-01,,cb_noredeem_20260501_1030.log,星球转债,118041,5,15,-0.15
2026-05-01,,cb_noredeem_20260501_1030.log,华特转债,118033,8,15,0.74
2026-05-01,,cb_noredeem_20260501_1030.log,翔丰转债,123225,7,15,1.49
2026-05-01,,cb_noredeem_20260501_1030.log,超达转债,123187,15,15,1.9
2026-05-01,,cb_noredeem_20260501_1100.log,盈峰转债,127024,15,15,-1.93
2026-05-01,,cb_noredeem_20260501_1100.log,帝欧转债,127047,12,15,-1.22
2026-05-01,,cb_noredeem_20260501_1100.log,瑞丰转债,123126,12,15,-0.43
2026-05-01,,cb_noredeem_20260501_1100.log,星球转债,118041,5,15,-0.15
2026-05-01,,cb_noredeem_20260501_1100.log,华特转债,118033,8,15,0.74
2026-05-01,,cb_noredeem_20260501_1100.log,翔丰转债,123225,7,15,1.49
2026-05-01,,cb_noredeem_20260501_1100.log,超达转债,123187,15,15,1.9
2026-05-01,,cb_noredeem_20260501_1130.log,盈峰转债,127024,15,15,-1.93
2026-05-01,,cb_noredeem_20260501_1130.log,帝欧转债,127047,12,15,-1.22
2026-05-01,,cb_noredeem_20260501_1130.log,瑞丰转债,123126,12,15,-0.43
2026-05-01,,cb_noredeem_20260501_1130.log,星球转债,118041,5,15,-0.15
2026-05-01,,cb_noredeem_20260501_1130.log,华特转债,118033,8,15,0.74
2026-05-01,,cb_noredeem_20260501_1130.log,翔丰转债,123225,7,15,1.49
2026-05-01,,cb_noredeem_20260501_1130.log,超达转债,123187,15,15,1.9
2026-05-01,,cb_noredeem_20260501_1200.log,盈峰转债,127024,15,15,-1.93
2026-05-01,,cb_noredeem_20260501_1200.log,帝欧转债,127047,12,15,-1.22
2026-05-01,,cb_noredeem_20260501_1200.log,瑞丰转债,123126,12,15,-0.43
2026-05-01,,cb_noredeem_20260501_1200.log,星球转债,118041,5,15,-0.15
2026-05-01,,cb_noredeem_20260501_1200.log,华特转债,118033,8,15,0.74
2026-05-01,,cb_noredeem_20260501_1200.log,翔丰转债,123225,7,15,1.49
2026-05-01,,cb_noredeem_20260501_1200.log,超达转债,123187,15,15,1.9
2026-05-01,,cb_noredeem_20260501_1230.log,盈峰转债,127024,15,15,-1.93
2026-05-01,,cb_noredeem_20260501_1230.log,帝欧转债,127047,12,15,-1.22
2026-05-01,,cb_noredeem_20260501_1230.log,瑞丰转债,123126,12,15,-0.43
2026-05-01,,cb_noredeem_20260501_1230.log,星球转债,118041,5,15,-0.15
2026-05-01,,cb_noredeem_20260501_1230.log,华特转债,118033,8,15,0.74
2026-05-01,,cb_noredeem_20260501_1230.log,翔丰转债,123225,7,15,1.49
2026-05-01,,cb_noredeem_20260501_1230.log,超达转债,123187,15,15,1.9
2026-05-01,,cb_noredeem_20260501_1300.log,盈峰转债,127024,15,15,-1.93
2026-05-01,,cb_noredeem_20260501_1300.log,帝欧转债,127047,12,15,-1.22
2026-05-01,,cb_noredeem_20260501_1300.log,瑞丰转债,123126,12,15,-0.43
2026-05-01,,cb_noredeem_20260501_1300.log,星球转债,118041,5,15,-0.15
2026-05-01,,cb_noredeem_20260501_1300.log,华特转债,118033,8,15,0.74
2026-05-01,,cb_noredeem_20260501_1300.log,翔丰转债,123225,7,15,1.49
2026-05-01,,cb_noredeem_20260501_1300.log,超达转债,123187,15,15,1.9
2026-05-01,,cb_noredeem_20260501_1330.log,盈峰转债,127024,15,15,-1.93
2026-05-01,,cb_noredeem_20260501_1330.log,帝欧转债,127047,12,15,-1.22
2026-05-01,,cb_noredeem_20260501_1330.log,瑞丰转债,123126,12,15,-0.43
2026-05-01,,cb_noredeem_20260501_1330.log,星球转债,118041,5,15,-0.15
2026-05-01,,cb_noredeem_20260501_1330.log,华特转债,118033,8,15,0.74
2026-05-01,,cb_noredeem_20260501_1330.log,翔丰转债,123225,7,15,1.49
2026-05-01,,cb_noredeem_20260501_1330.log,超达转债,123187,15,15,1.9
2026-05-01,,cb_noredeem_20260501_1400.log,盈峰转债,127024,15,15,-1.93
2026-05-01,,cb_noredeem_20260501_1400.log,帝欧转债,127047,12,15,-1.22
2026-05-01,,cb_noredeem_20260501_1400.log,瑞丰转债,123126,12,15,-0.43
2026-05-01,,cb_noredeem_20260501_1400.log,星球转债,118041,5,15,-0.15
2026-05-01,,cb_noredeem_20260501_1400.log,华特转债,118033,8,15,0.74
2026-05-01,,cb_noredeem_20260501_1400.log,翔丰转债,123225,7,15,1.49
2026-05-01,,cb_noredeem_20260501_1400.log,超达转债,123187,15,15,1.9
2026-05-01,,cb_noredeem_20260501_1430.log,盈峰转债,127024,15,15,-1.93
2026-05-01,,cb_noredeem_20260501_1430.log,帝欧转债,127047,12,15,-1.22
2026-05-01,,cb_noredeem_20260501_1430.log,瑞丰转债,123126,12,15,-0.43
2026-05-01,,cb_noredeem_20260501_1430.log,星球转债,118041,5,15,-0.15
2026-05-01,,cb_noredeem_20260501_1430.log,华特转债,118033,8,15,0.74
2026-05-01,,cb_noredeem_20260501_1430.log,翔丰转债,123225,7,15,1.49
2026-05-01,,cb_noredeem_20260501_1430.log,超达转债,123187,15,15,1.9
2026-05-01,,cb_noredeem_20260501_1500.log,盈峰转债,127024,15,15,-1.93
2026-05-01,,cb_noredeem_20260501_1500.log,帝欧转债,127047,12,15,-1.22
2026-05-01,,cb_noredeem_20260501_1500.log,瑞丰转债,123126,12,15,-0.43
2026-05-01,,cb_noredeem_20260501_1500.log,星球转债,118041,5,15,-0.15
2026-05-01,,cb_noredeem_20260501_1500.log,华特转债,118033,8,15,0.74
2026-05-01,,cb_noredeem_20260501_1500.log,翔丰转债,123225,7,15,1.49
2026-05-01,,cb_noredeem_20260501_1500.log,超达转债,123187,15,15,1.9
2026-05-01,,cb_noredeem_20260501_1530.log,盈峰转债,127024,15,15,-1.93
2026-05-01,,cb_noredeem_20260501_1530.log,帝欧转债,127047,12,15,-1.22
2026-05-01,,cb_noredeem_20260501_1530.log,瑞丰转债,123126,12,15,-0.43
2026-05-01,,cb_noredeem_20260501_1530.log,星球转债,118041,5,15,-0.15
2026-05-01,,cb_noredeem_20260501_1530.log,华特转债,118033,8,15,0.74
2026-05-01,,cb_noredeem_20260501_1530.log,翔丰转债,123225,7,15,1.49
2026-05-01,,cb_noredeem_20260501_1530.log,超达转债,123187,15,15,1.9
2026-05-01,,cb_noredeem_20260501_1600.log,盈峰转债,127024,15,15,-1.93
2026-05-01,,cb_noredeem_20260501_1600.log,帝欧转债,127047,12,15,-1.22
2026-05-01,,cb_noredeem_20260501_1600.log,瑞丰转债,123126,12,15,-0.43
2026-05-01,,cb_noredeem_20260501_1600.log,星球转债,118041,5,15,-0.15
2026-05-01,,cb_noredeem_20260501_1600.log,华特转债,118033,8,15,0.74
2026-05-01,,cb_noredeem_20260501_1600.log,翔丰转债,123225,7,15,1.49
2026-05-01,,cb_noredeem_20260501_1600.log,超达转债,123187,15,15,1.9
2026-05-04,,cb_noredeem_20260504_0900.log,盈峰转债,127024,15,15,-1.93
2026-05-04,,cb_noredeem_20260504_0900.log,帝欧转债,127047,12,15,-1.22
2026-05-04,,cb_noredeem_20260504_0900.log,瑞丰转债,123126,12,15,-0.43
2026-05-04,,cb_noredeem_20260504_0900.log,星球转债,118041,5,15,-0.15
2026-05-04,,cb_noredeem_20260504_0900.log,华特转债,118033,8,15,0.74
2026-05-04,,cb_noredeem_20260504_0900.log,翔丰转债,123225,7,15,1.49
2026-05-04,,cb_noredeem_20260504_0930.log,盈峰转债,127024,15,15,-1.93
2026-05-04,,cb_noredeem_20260504_0930.log,帝欧转债,127047,12,15,-1.22
2026-05-04,,cb_noredeem_20260504_0930.log,瑞丰转债,123126,12,15,-0.43
2026-05-04,,cb_noredeem_20260504_0930.log,星球转债,118041,5,15,-0.15
2026-05-04,,cb_noredeem_20260504_0930.log,华特转债,118033,8,15,0.74
2026-05-04,,cb_noredeem_20260504_0930.log,翔丰转债,123225,7,15,1.49
2026-05-04,,cb_noredeem_20260504_1000.log,盈峰转债,127024,15,15,-1.93
2026-05-04,,cb_noredeem_20260504_1000.log,帝欧转债,127047,12,15,-1.22
2026-05-04,,cb_noredeem_20260504_1000.log,瑞丰转债,123126,12,15,-0.43
2026-05-04,,cb_noredeem_20260504_1000.log,星球转债,118041,5,15,-0.15
2026-05-04,,cb_noredeem_20260504_1000.log,华特转债,118033,8,15,0.74
2026-05-04,,cb_noredeem_20260504_1000.log,翔丰转债,123225,7,15,1.49
2026-05-04,,cb_noredeem_20260504_1030.log,盈峰转债,127024,15,15,-1.93
2026-05-04,,cb_noredeem_20260504_1030.log,帝欧转债,127047,12,15,-1.22
2026-05-04,,cb_noredeem_20260504_1030.log,瑞丰转债,123126,12,15,-0.43
2026-05-04,,cb_noredeem_20260504_1030.log,星球转债,118041,5,15,-0.15
2026-05-04,,cb_noredeem_20260504_1030.log,华特转债,118033,8,15,0.74
2026-05-04,,cb_noredeem_20260504_1030.log,翔丰转债,123225,7,15,1.49
2026-05-04,,cb_noredeem_20260504_1100.log,盈峰转债,127024,15,15,-1.93
2026-05-04,,cb_noredeem_20260504_1100.log,帝欧转债,127047,12,15,-1.22
2026-05-04,,cb_noredeem_20260504_1100.log,瑞丰转债,123126,12,15,-0.43
2026-05-04,,cb_noredeem_20260504_1100.log,星球转债,118041,5,15,-0.15
2026-05-04,,cb_noredeem_20260504_1100.log,华特转债,118033,8,15,0.74
2026-05-04,,cb_noredeem_20260504_1100.log,翔丰转债,123225,7,15,1.49
2026-05-04,,cb_noredeem_20260504_1130.log,盈峰转债,127024,15,15,-1.93
2026-05-04,,cb_noredeem_20260504_1130.log,帝欧转债,127047,12,15,-1.22
2026-05-04,,cb_noredeem_20260504_1130.log,瑞丰转债,123126,12,15,-0.43
2026-05-04,,cb_noredeem_20260504_1130.log,星球转债,118041,5,15,-0.15
2026-05-04,,cb_noredeem_20260504_1130.log,华特转债,118033,8,15,0.74
2026-05-04,,cb_noredeem_20260504_1130.log,翔丰转债,123225,7,15,1.49
2026-05-04,,cb_noredeem_20260504_1200.log,盈峰转债,127024,15,15,-1.93
2026-05-04,,cb_noredeem_20260504_1200.log,帝欧转债,127047,12,15,-1.22
2026-05-04,,cb_noredeem_20260504_1200.log,瑞丰转债,123126,12,15,-0.43
2026-05-04,,cb_noredeem_20260504_1200.log,星球转债,118041,5,15,-0.15
2026-05-04,,cb_noredeem_20260504_1200.log,华特转债,118033,8,15,0.74
2026-05-04,,cb_noredeem_20260504_1200.log,翔丰转债,123225,7,15,1.49
2026-05-04,,cb_noredeem_20260504_1230.log,盈峰转债,127024,15,15,-1.93
2026-05-04,,cb_noredeem_20260504_1230.log,帝欧转债,127047,12,15,-1.22
2026-05-04,,cb_noredeem_20260504_1230.log,瑞丰转债,123126,12,15,-0.43
2026-05-04,,cb_noredeem_20260504_1230.log,星球转债,118041,5,15,-0.15
2026-05-04,,cb_noredeem_20260504_1230.log,华特转债,118033,8,15,0.74
2026-05-04,,cb_noredeem_20260504_1230.log,翔丰转债,123225,7,15,1.49
2026-05-04,,cb_noredeem_20260504_1300.log,盈峰转债,127024,15,15,-1.93
2026-05-04,,cb_noredeem_20260504_1300.log,帝欧转债,127047,12,15,-1.22
2026-05-04,,cb_noredeem_20260504_1300.log,瑞丰转债,123126,12,15,-0.43
2026-05-04,,cb_noredeem_20260504_1300.log,星球转债,118041,5,15,-0.15
2026-05-04,,cb_noredeem_20260504_1300.log,华特转债,118033,8,15,0.74
2026-05-04,,cb_noredeem_20260504_1300.log,翔丰转债,123225,7,15,1.49
2026-05-04,,cb_noredeem_20260504_1330.log,盈峰转债,127024,15,15,-1.93
2026-05-04,,cb_noredeem_20260504_1330.log,帝欧转债,127047,12,15,-1.22
2026-05-04,,cb_noredeem_20260504_1330.log,瑞丰转债,123126,12,15,-0.43
2026-05-04,,cb_noredeem_20260504_1330.log,星球转债,118041,5,15,-0.15
2026-05-04,,cb_noredeem_20260504_1330.log,华特转债,118033,8,15,0.74
2026-05-04,,cb_noredeem_20260504_1330.log,翔丰转债,123225,7,15,1.49
2026-05-04,,cb_noredeem_20260504_1400.log,盈峰转债,127024,15,15,-1.93
2026-05-04,,cb_noredeem_20260504_1400.log,帝欧转债,127047,12,15,-1.22
2026-05-04,,cb_noredeem_20260504_1400.log,瑞丰转债,123126,12,15,-0.43
2026-05-04,,cb_noredeem_20260504_1400.log,星球转债,118041,5,15,-0.15
2026-05-04,,cb_noredeem_20260504_1400.log,华特转债,118033,8,15,0.74
2026-05-04,,cb_noredeem_20260504_1400.log,翔丰转债,123225,7,15,1.49
2026-05-04,,cb_noredeem_20260504_1430.log,盈峰转债,127024,15,15,-1.93
2026-05-04,,cb_noredeem_20260504_1430.log,帝欧转债,127047,12,15,-1.22
2026-05-04,,cb_noredeem_20260504_1430.log,瑞丰转债,123126,12,15,-0.43
2026-05-04,,cb_noredeem_20260504_1430.log,星球转债,118041,5,15,-0.15
2026-05-04,,cb_noredeem_20260504_1430.log,华特转债,118033,8,15,0.74
2026-05-04,,cb_noredeem_20260504_1430.log,翔丰转债,123225,7,15,1.49
2026-05-04,,cb_noredeem_20260504_1500.log,盈峰转债,127024,15,15,-1.93
2026-05-04,,cb_noredeem_20260504_1500.log,帝欧转债,127047,12,15,-1.22
2026-05-04,,cb_noredeem_20260504_1500.log,瑞丰转债,123126,12,15,-0.43
2026-05-04,,cb_noredeem_20260504_1500.log,星球转债,118041,5,15,-0.15
2026-05-04,,cb_noredeem_20260504_1500.log,华特转债,118033,8,15,0.74
2026-05-04,,cb_noredeem_20260504_1500.log,翔丰转债,123225,7,15,1.49
2026-05-04,,cb_noredeem_20260504_1530.log,盈峰转债,127024,15,15,-1.93
2026-05-04,,cb_noredeem_20260504_1530.log,帝欧转债,127047,12,15,-1.22
2026-05-04,,cb_noredeem_20260504_1530.log,瑞丰转债,123126,12,15,-0.43
2026-05-04,,cb_noredeem_20260504_1530.log,星球转债,118041,5,15,-0.15
2026-05-04,,cb_noredeem_20260504_1530.log,华特转债,118033,8,15,0.74
2026-05-04,,cb_noredeem_20260504_1530.log,翔丰转债,123225,7,15,1.49
2026-05-04,,cb_noredeem_20260504_1600.log,盈峰转债,127024,15,15,-1.93
2026-05-04,,cb_noredeem_20260504_1600.log,帝欧转债,127047,12,15,-1.22
2026-05-04,,cb_noredeem_20260504_1600.log,瑞丰转债,123126,12,15,-0.43
2026-05-04,,cb_noredeem_20260504_1600.log,星球转债,118041,5,15,-0.15
2026-05-04,,cb_noredeem_20260504_1600.log,华特转债,118033,8,15,0.74
2026-05-04,,cb_noredeem_20260504_1600.log,翔丰转债,123225,7,15,1.49
2026-05-05,,cb_noredeem_20260505_0900.log,盈峰转债,127024,15,15,-1.93
2026-05-05,,cb_noredeem_20260505_0900.log,帝欧转债,127047,12,15,-1.22
2026-05-05,,cb_noredeem_20260505_0900.log,瑞丰转债,123126,12,15,-0.43
2026-05-05,,cb_noredeem_20260505_0900.log,星球转债,118041,5,15,-0.15
2026-05-05,,cb_noredeem_20260505_0900.log,华特转债,118033,8,15,0.74
2026-05-05,,cb_noredeem_20260505_0900.log,翔丰转债,123225,7,15,1.49
2026-05-05,,cb_noredeem_20260505_0930.log,盈峰转债,127024,15,15,-1.93
2026-05-05,,cb_noredeem_20260505_0930.log,帝欧转债,127047,12,15,-1.22
2026-05-05,,cb_noredeem_20260505_0930.log,瑞丰转债,123126,12,15,-0.43
2026-05-05,,cb_noredeem_20260505_0930.log,星球转债,118041,5,15,-0.15
2026-05-05,,cb_noredeem_20260505_0930.log,华特转债,118033,8,15,0.74
2026-05-05,,cb_noredeem_20260505_0930.log,翔丰转债,123225,7,15,1.49
2026-05-05,,cb_noredeem_20260505_1000.log,盈峰转债,127024,15,15,-1.93
2026-05-05,,cb_noredeem_20260505_1000.log,帝欧转债,127047,12,15,-1.22
2026-05-05,,cb_noredeem_20260505_1000.log,瑞丰转债,123126,12,15,-0.43
2026-05-05,,cb_noredeem_20260505_1000.log,星球转债,118041,5,15,-0.15
2026-05-05,,cb_noredeem_20260505_1000.log,华特转债,118033,8,15,0.74
2026-05-05,,cb_noredeem_20260505_1000.log,翔丰转债,123225,7,15,1.49
2026-05-05,,cb_noredeem_20260505_1030.log,盈峰转债,127024,15,15,-1.93
2026-05-05,,cb_noredeem_20260505_1030.log,帝欧转债,127047,12,15,-1.22
2026-05-05,,cb_noredeem_20260505_1030.log,瑞丰转债,123126,12,15,-0.43
2026-05-05,,cb_noredeem_20260505_1030.log,星球转债,118041,5,15,-0.15
2026-05-05,,cb_noredeem_20260505_1030.log,华特转债,118033,8,15,0.74
2026-05-05,,cb_noredeem_20260505_1030.log,翔丰转债,123225,7,15,1.49
2026-05-05,,cb_noredeem_20260505_1100.log,盈峰转债,127024,15,15,-1.93
2026-05-05,,cb_noredeem_20260505_1100.log,帝欧转债,127047,12,15,-1.22
2026-05-05,,cb_noredeem_20260505_1100.log,瑞丰转债,123126,12,15,-0.43
2026-05-05,,cb_noredeem_20260505_1100.log,星球转债,118041,5,15,-0.15
2026-05-05,,cb_noredeem_20260505_1100.log,华特转债,118033,8,15,0.74
2026-05-05,,cb_noredeem_20260505_1100.log,翔丰转债,123225,7,15,1.49
2026-05-05,,cb_noredeem_20260505_1130.log,盈峰转债,127024,15,15,-1.93
2026-05-05,,cb_noredeem_20260505_1130.log,帝欧转债,127047,12,15,-1.22
2026-05-05,,cb_noredeem_20260505_1130.log,瑞丰转债,123126,12,15,-0.43
2026-05-05,,cb_noredeem_20260505_1130.log,星球转债,118041,5,15,-0.15
2026-05-05,,cb_noredeem_20260505_1130.log,华特转债,118033,8,15,0.74
2026-05-05,,cb_noredeem_20260505_1130.log,翔丰转债,123225,7,15,1.49
2026-05-05,,cb_noredeem_20260505_1200.log,盈峰转债,127024,15,15,-1.93
2026-05-05,,cb_noredeem_20260505_1200.log,帝欧转债,127047,12,15,-1.22
2026-05-05,,cb_noredeem_20260505_1200.log,瑞丰转债,123126,12,15,-0.43
2026-05-05,,cb_noredeem_20260505_1200.log,星球转债,118041,5,15,-0.15
2026-05-05,,cb_noredeem_20260505_1200.log,华特转债,118033,8,15,0.74
2026-05-05,,cb_noredeem_20260505_1200.log,翔丰转债,123225,7,15,1.49
2026-05-05,,cb_noredeem_20260505_1230.log,盈峰转债,127024,15,15,-1.93
2026-05-05,,cb_noredeem_20260505_1230.log,帝欧转债,127047,12,15,-1.22
2026-05-05,,cb_noredeem_20260505_1230.log,瑞丰转债,123126,12,15,-0.43
2026-05-05,,cb_noredeem_20260505_1230.log,星球转债,118041,5,15,-0.15
2026-05-05,,cb_noredeem_20260505_1230.log,华特转债,118033,8,15,0.74
2026-05-05,,cb_noredeem_20260505_1230.log,翔丰转债,123225,7,15,1.49
2026-05-05,,cb_noredeem_20260505_1300.log,盈峰转债,127024,15,15,-1.93
2026-05-05,,cb_noredeem_20260505_1300.log,帝欧转债,127047,12,15,-1.22
2026-05-05,,cb_noredeem_20260505_1300.log,瑞丰转债,123126,12,15,-0.43
2026-05-05,,cb_noredeem_20260505_1300.log,星球转债,118041,5,15,-0.15
2026-05-05,,cb_noredeem_20260505_1300.log,华特转债,118033,8,15,0.74
2026-05-05,,cb_noredeem_20260505_1300.log,翔丰转债,123225,7,15,1.49
2026-05-05,,cb_noredeem_20260505_1330.log,盈峰转债,127024,15,15,-1.93
2026-05-05,,cb_noredeem_20260505_1330.log,帝欧转债,127047,12,15,-1.22
2026-05-05,,cb_noredeem_20260505_1330.log,瑞丰转债,123126,12,15,-0.43
2026-05-05,,cb_noredeem_20260505_1330.log,星球转债,118041,5,15,-0.15
2026-05-05,,cb_noredeem_20260505_1330.log,华特转债,118033,8,15,0.74
2026-05-05,,cb_noredeem_20260505_1330.log,翔丰转债,123225,7,15,1.49
2026-05-05,,cb_noredeem_20260505_1400.log,盈峰转债,127024,15,15,-1.93
2026-05-05,,cb_noredeem_20260505_1400.log,帝欧转债,127047,12,15,-1.22
2026-05-05,,cb_noredeem_20260505_1400.log,瑞丰转债,123126,12,15,-0.43
2026-05-05,,cb_noredeem_20260505_1400.log,星球转债,118041,5,15,-0.15
2026-05-05,,cb_noredeem_20260505_1400.log,华特转债,118033,8,15,0.74
2026-05-05,,cb_noredeem_20260505_1400.log,翔丰转债,123225,7,15,1.49
2026-05-05,,cb_noredeem_20260505_1430.log,盈峰转债,127024,15,15,-1.93
2026-05-05,,cb_noredeem_20260505_1430.log,帝欧转债,127047,12,15,-1.22
2026-05-05,,cb_noredeem_20260505_1430.log,瑞丰转债,123126,12,15,-0.43
2026-05-05,,cb_noredeem_20260505_1430.log,星球转债,118041,5,15,-0.15
2026-05-05,,cb_noredeem_20260505_1430.log,华特转债,118033,8,15,0.74
2026-05-05,,cb_noredeem_20260505_1430.log,翔丰转债,123225,7,15,1.49
2026-05-05,,cb_noredeem_20260505_1500.log,盈峰转债,127024,15,15,-1.93
2026-05-05,,cb_noredeem_20260505_1500.log,帝欧转债,127047,12,15,-1.22
2026-05-05,,cb_noredeem_20260505_1500.log,瑞丰转债,123126,12,15,-0.43
2026-05-05,,cb_noredeem_20260505_1500.log,星球转债,118041,5,15,-0.15
2026-05-05,,cb_noredeem_20260505_1500.log,华特转债,118033,8,15,0.74
2026-05-05,,cb_noredeem_20260505_1500.log,翔丰转债,123225,7,15,1.49
2026-05-05,,cb_noredeem_20260505_1530.log,盈峰转债,127024,15,15,-1.93
2026-05-05,,cb_noredeem_20260505_1530.log,帝欧转债,127047,12,15,-1.22
2026-05-05,,cb_noredeem_20260505_1530.log,瑞丰转债,123126,12,15,-0.43
2026-05-05,,cb_noredeem_20260505_1530.log,星球转债,118041,5,15,-0.15
2026-05-05,,cb_noredeem_20260505_1530.log,华特转债,118033,8,15,0.74
2026-05-05,,cb_noredeem_20260505_1530.log,翔丰转债,123225,7,15,1.49
2026-05-05,,cb_noredeem_20260505_1600.log,盈峰转债,127024,15,15,-1.93
2026-05-05,,cb_noredeem_20260505_1600.log,帝欧转债,127047,12,15,-1.22
2026-05-05,,cb_noredeem_20260505_1600.log,瑞丰转债,123126,12,15,-0.43
2026-05-05,,cb_noredeem_20260505_1600.log,星球转债,118041,5,15,-0.15
2026-05-05,,cb_noredeem_20260505_1600.log,华特转债,118033,8,15,0.74
2026-05-05,,cb_noredeem_20260505_1600.log,翔丰转债,123225,7,15,1.49
2026-05-06,,cb_noredeem_20260506_0900.log,帝欧转债,127047,12,15,-1.22
2026-05-06,,cb_noredeem_20260506_0900.log,瑞丰转债,123126,12,15,-0.43
2026-05-06,,cb_noredeem_20260506_0900.log,星球转债,118041,5,15,-0.15
2026-05-06,,cb_noredeem_20260506_0900.log,华特转债,118033,8,15,0.74
2026-05-06,,cb_noredeem_20260506_0900.log,翔丰转债,123225,7,15,1.49
2026-05-06,,cb_noredeem_20260506_0930.log,帝欧转债,127047,12,15,-0.89
2026-05-06,,cb_noredeem_20260506_0930.log,星球转债,118041,5,15,0.36
2026-05-06,,cb_noredeem_20260506_0930.log,华特转债,118033,8,15,0.95
2026-05-06,,cb_noredeem_20260506_0930.log,翔丰转债,123225,7,15,1.12
2026-05-06,,cb_noredeem_20260506_0930.log,瑞丰转债,123126,12,15,1.54
2026-05-06,,cb_noredeem_20260506_1030.log,帝欧转债,127047,12,15,-0.11
2026-05-06,,cb_noredeem_20260506_1030.log,严牌转债,123243,0,15,1.4
2026-05-06,,cb_noredeem_20260506_1030.log,瑞丰转债,123126,12,15,1.44
2026-05-06,,cb_noredeem_20260506_1030.log,星球转债,118041,5,15,1.55
2026-05-06,,cb_noredeem_20260506_1100.log,帝欧转债,127047,12,15,-0.27
2026-05-06,,cb_noredeem_20260506_1100.log,严牌转债,123243,0,15,1.12
2026-05-06,,cb_noredeem_20260506_1100.log,华特转债,118033,8,15,1.33
2026-05-06,,cb_noredeem_20260506_1100.log,瑞丰转债,123126,12,15,1.42
2026-05-06,,cb_noredeem_20260506_1100.log,星球转债,118041,5,15,1.67
2026-05-06,,cb_noredeem_20260506_1100.log,翔丰转债,123225,7,15,1.76
2026-05-06,,cb_noredeem_20260506_1130.log,帝欧转债,127047,12,15,-0.22
2026-05-06,,cb_noredeem_20260506_1130.log,翔丰转债,123225,7,15,1.03
2026-05-06,,cb_noredeem_20260506_1130.log,瑞丰转债,123126,12,15,1.34
2026-05-06,,cb_noredeem_20260506_1130.log,星球转债,118041,5,15,1.45
2026-05-06,,cb_noredeem_20260506_1130.log,严牌转债,123243,0,15,1.52
2026-05-06,,cb_noredeem_20260506_1130.log,华特转债,118033,8,15,1.89
2026-05-06,,cb_noredeem_20260506_1200.log,帝欧转债,127047,12,15,-0.1
2026-05-06,,cb_noredeem_20260506_1200.log,瑞丰转债,123126,12,15,1.13
2026-05-06,,cb_noredeem_20260506_1200.log,翔丰转债,123225,7,15,1.16
2026-05-06,,cb_noredeem_20260506_1200.log,星球转债,118041,5,15,1.37
2026-05-06,,cb_noredeem_20260506_1200.log,严牌转债,123243,0,15,1.52
2026-05-06,,cb_noredeem_20260506_1200.log,华特转债,118033,8,15,1.9
2026-05-06,,cb_noredeem_20260506_1230.log,帝欧转债,127047,12,15,-0.1
2026-05-06,,cb_noredeem_20260506_1230.log,瑞丰转债,123126,12,15,1.13
2026-05-06,,cb_noredeem_20260506_1230.log,翔丰转债,123225,7,15,1.16
2026-05-06,,cb_noredeem_20260506_1230.log,星球转债,118041,5,15,1.37
2026-05-06,,cb_noredeem_20260506_1230.log,严牌转债,123243,0,15,1.52
2026-05-06,,cb_noredeem_20260506_1230.log,华特转债,118033,8,15,1.9
2026-05-06,,cb_noredeem_20260506_1300.log,帝欧转债,127047,12,15,-0.1
2026-05-06,,cb_noredeem_20260506_1300.log,瑞丰转债,123126,12,15,1.13
2026-05-06,,cb_noredeem_20260506_1300.log,翔丰转债,123225,7,15,1.16
2026-05-06,,cb_noredeem_20260506_1300.log,星球转债,118041,5,15,1.37
2026-05-06,,cb_noredeem_20260506_1300.log,严牌转债,123243,0,15,1.52
2026-05-06,,cb_noredeem_20260506_1300.log,华特转债,118033,8,15,1.9
2026-05-06,,cb_noredeem_20260506_1330.log,帝欧转债,127047,12,15,-0.26
2026-05-06,,cb_noredeem_20260506_1330.log,星球转债,118041,5,15,1.15
2026-05-06,,cb_noredeem_20260506_1330.log,翔丰转债,123225,7,15,1.16
2026-05-06,,cb_noredeem_20260506_1330.log,瑞丰转债,123126,12,15,1.38
2026-05-06,,cb_noredeem_20260506_1330.log,严牌转债,123243,0,15,1.63
2026-05-06,,cb_noredeem_20260506_1330.log,华特转债,118033,8,15,1.89
2026-05-06,,cb_noredeem_20260506_1400.log,帝欧转债,127047,12,15,-0.25
2026-05-06,,cb_noredeem_20260506_1400.log,华特转债,118033,8,15,1.07
2026-05-06,,cb_noredeem_20260506_1400.log,瑞丰转债,123126,12,15,1.43
2026-05-06,,cb_noredeem_20260506_1400.log,翔丰转债,123225,7,15,1.55
2026-05-06,,cb_noredeem_20260506_1400.log,星球转债,118041,5,15,1.58
2026-05-06,,cb_noredeem_20260506_1400.log,严牌转债,123243,0,15,1.61
2026-05-06,,cb_noredeem_20260506_1430.log,华特转债,118033,8,15,-1.26
2026-05-06,,cb_noredeem_20260506_1430.log,帝欧转债,127047,12,15,0.0
2026-05-06,,cb_noredeem_20260506_1430.log,翔丰转债,123225,7,15,1.09
2026-05-06,,cb_noredeem_20260506_1430.log,瑞丰转债,123126,12,15,1.21
2026-05-06,,cb_noredeem_20260506_1430.log,严牌转债,123243,0,15,1.55
2026-05-06,,cb_noredeem_20260506_1430.log,星球转债,118041,5,15,1.71
2026-05-06,,cb_noredeem_20260506_1500.log,华特转债,118033,8,15,-0.63
2026-05-06,,cb_noredeem_20260506_1500.log,帝欧转债,127047,12,15,-0.41
2026-05-06,,cb_noredeem_20260506_1500.log,翔丰转债,123225,7,15,0.5
2026-05-06,,cb_noredeem_20260506_1500.log,星球转债,118041,5,15,0.86
2026-05-06,,cb_noredeem_20260506_1500.log,严牌转债,123243,0,15,1.14
2026-05-06,,cb_noredeem_20260506_1500.log,瑞丰转债,123126,12,15,1.31
2026-05-06,,cb_noredeem_20260506_1530.log,帝欧转债,127047,13,15,-0.93
2026-05-06,,cb_noredeem_20260506_1530.log,华特转债,118033,9,15,-0.77
2026-05-06,,cb_noredeem_20260506_1530.log,翔丰转债,123225,8,15,0.51
2026-05-06,,cb_noredeem_20260506_1530.log,严牌转债,123243,1,15,1.09
2026-05-06,,cb_noredeem_20260506_1530.log,瑞丰转债,123126,13,15,1.36
2026-05-06,,cb_noredeem_20260506_1530.log,星球转债,118041,6,15,1.41
2026-05-06,,cb_noredeem_20260506_1600.log,帝欧转债,127047,13,15,-0.93
2026-05-06,,cb_noredeem_20260506_1600.log,华特转债,118033,9,15,-0.77
2026-05-06,,cb_noredeem_20260506_1600.log,翔丰转债,123225,8,15,0.51
2026-05-06,,cb_noredeem_20260506_1600.log,严牌转债,123243,1,15,1.09
2026-05-06,,cb_noredeem_20260506_1600.log,瑞丰转债,123126,13,15,1.36
2026-05-06,,cb_noredeem_20260506_1600.log,星球转债,118041,6,15,1.41
2026-05-07,,cb_noredeem_20260507_0915.log,帝欧转债,127047,13,15,-0.93
2026-05-07,,cb_noredeem_20260507_0915.log,华特转债,118033,9,15,-0.77
2026-05-07,,cb_noredeem_20260507_0915.log,翔丰转债,123225,8,15,0.51
2026-05-07,,cb_noredeem_20260507_0915.log,严牌转债,123243,1,15,1.09
2026-05-07,,cb_noredeem_20260507_0915.log,瑞丰转债,123126,13,15,1.36
2026-05-07,,cb_noredeem_20260507_0915.log,星球转债,118041,6,15,1.41
2026-05-07,,cb_noredeem_20260507_0945.log,帝欧转债,127047,13,15,-0.22
2026-05-07,,cb_noredeem_20260507_0945.log,星球转债,118041,6,15,0.17
2026-05-07,,cb_noredeem_20260507_0945.log,华特转债,118033,9,15,0.88
2026-05-07,,cb_noredeem_20260507_0945.log,翔丰转债,123225,8,15,0.93
2026-05-07,,cb_noredeem_20260507_0945.log,瑞丰转债,123126,13,15,1.64
2026-05-07,,cb_noredeem_20260507_0945.log,严牌转债,123243,1,15,1.75
2026-05-07,,cb_noredeem_20260507_1015.log,帝欧转债,127047,13,15,-0.16
2026-05-07,,cb_noredeem_20260507_1015.log,星球转债,118041,6,15,0.07
2026-05-07,,cb_noredeem_20260507_1015.log,翔丰转债,123225,8,15,0.7
2026-05-07,,cb_noredeem_20260507_1015.log,华特转债,118033,9,15,0.77
2026-05-07,,cb_noredeem_20260507_1015.log,瑞丰转债,123126,13,15,1.11
2026-05-07,,cb_noredeem_20260507_1015.log,严牌转债,123243,1,15,1.74
2026-05-07,,cb_noredeem_20260507_1045.log,帝欧转债,127047,13,15,-0.04
2026-05-07,,cb_noredeem_20260507_1045.log,华特转债,118033,9,15,0.35
2026-05-07,,cb_noredeem_20260507_1045.log,瑞丰转债,123126,13,15,0.45
2026-05-07,,cb_noredeem_20260507_1045.log,星球转债,118041,6,15,0.47
2026-05-07,,cb_noredeem_20260507_1045.log,翔丰转债,123225,8,15,0.71
2026-05-07,,cb_noredeem_20260507_1045.log,严牌转债,123243,1,15,1.55
2026-05-07,,cb_noredeem_20260507_1115.log,帝欧转债,127047,13,15,-0.3
2026-05-07,,cb_noredeem_20260507_1115.log,瑞丰转债,123126,13,15,0.36
2026-05-07,,cb_noredeem_20260507_1115.log,翔丰转债,123225,8,15,0.58
2026-05-07,,cb_noredeem_20260507_1115.log,华特转债,118033,9,15,1.01
2026-05-07,,cb_noredeem_20260507_1115.log,星球转债,118041,6,15,1.07
2026-05-07,,cb_noredeem_20260507_1115.log,严牌转债,123243,1,15,1.26
2026-05-07,,cb_noredeem_20260507_1315.log,帝欧转债,127047,13,15,-0.12
2026-05-07,,cb_noredeem_20260507_1315.log,星球转债,118041,6,15,0.12
2026-05-07,,cb_noredeem_20260507_1315.log,瑞丰转债,123126,13,15,0.13
2026-05-07,,cb_noredeem_20260507_1315.log,翔丰转债,123225,8,15,0.54
2026-05-07,,cb_noredeem_20260507_1315.log,严牌转债,123243,1,15,1.27
2026-05-07,,cb_noredeem_20260507_1345.log,帝欧转债,127047,13,15,-0.21
2026-05-07,,cb_noredeem_20260507_1345.log,瑞丰转债,123126,13,15,0.36
2026-05-07,,cb_noredeem_20260507_1345.log,翔丰转债,123225,8,15,0.62
2026-05-07,,cb_noredeem_20260507_1345.log,星球转债,118041,6,15,0.68
2026-05-07,,cb_noredeem_20260507_1345.log,严牌转债,123243,1,15,1.05
2026-05-07,,cb_noredeem_20260507_1345.log,华特转债,118033,9,15,1.61
2026-05-07,,cb_noredeem_20260507_1415.log,帝欧转债,127047,13,15,-0.12
2026-05-07,,cb_noredeem_20260507_1415.log,翔丰转债,123225,8,15,0.36
2026-05-07,,cb_noredeem_20260507_1415.log,瑞丰转债,123126,13,15,0.37
2026-05-07,,cb_noredeem_20260507_1415.log,星球转债,118041,6,15,0.52
2026-05-07,,cb_noredeem_20260507_1415.log,华特转债,118033,9,15,1.49
2026-05-07,,cb_noredeem_20260507_1415.log,严牌转债,123243,1,15,1.53
2026-05-07,,cb_noredeem_20260507_1445.log,帝欧转债,127047,13,15,-0.22
2026-05-07,,cb_noredeem_20260507_1445.log,瑞丰转债,123126,13,15,-0.07
2026-05-07,,cb_noredeem_20260507_1445.log,星球转债,118041,6,15,0.7
2026-05-07,,cb_noredeem_20260507_1445.log,翔丰转债,123225,8,15,0.72
2026-05-07,,cb_noredeem_20260507_1445.log,华特转债,118033,9,15,1.12
2026-05-07,,cb_noredeem_20260507_1445.log,严牌转债,123243,1,15,1.52
2026-05-08,,cb_noredeem_20260508_0915.log,帝欧转债,127047,14,15,-0.39
2026-05-08,,cb_noredeem_20260508_0915.log,瑞丰转债,123126,14,15,-0.31
2026-05-08,,cb_noredeem_20260508_0915.log,翔丰转债,123225,9,15,0.43
2026-05-08,,cb_noredeem_20260508_0915.log,星球转债,118041,7,15,0.61
2026-05-08,,cb_noredeem_20260508_0915.log,严牌转债,123243,2,15,1.57
2026-05-08,,cb_noredeem_20260508_0915.log,华特转债,118033,10,15,1.67
2026-05-08,,cb_noredeem_20260508_0945.log,帝欧转债,127047,14,15,0.12
2026-05-08,,cb_noredeem_20260508_0945.log,瑞丰转债,123126,14,15,0.49
2026-05-08,,cb_noredeem_20260508_0945.log,翔丰转债,123225,9,15,0.85
2026-05-08,,cb_noredeem_20260508_0945.log,严牌转债,123243,2,15,1.36
2026-05-08,,cb_noredeem_20260508_1015.log,瑞丰转债,123126,14,15,-0.56
2026-05-08,,cb_noredeem_20260508_1015.log,帝欧转债,127047,14,15,-0.28
2026-05-08,,cb_noredeem_20260508_1015.log,翔丰转债,123225,9,15,0.95
2026-05-08,,cb_noredeem_20260508_1045.log,瑞丰转债,123126,14,15,-0.98
2026-05-08,,cb_noredeem_20260508_1045.log,帝欧转债,127047,14,15,-0.08
2026-05-08,,cb_noredeem_20260508_1045.log,翔丰转债,123225,9,15,0.58
2026-05-08,,cb_noredeem_20260508_1045.log,严牌转债,123243,2,15,1.31
2026-05-08,,cb_noredeem_20260508_1045.log,星球转债,118041,7,15,1.44
2026-05-08,,cb_noredeem_20260508_1045.log,华特转债,118033,10,15,1.64
2026-05-08,,cb_noredeem_20260508_1115.log,瑞丰转债,123126,14,15,-0.64
2026-05-08,,cb_noredeem_20260508_1115.log,帝欧转债,127047,14,15,-0.18
2026-05-08,,cb_noredeem_20260508_1115.log,翔丰转债,123225,9,15,0.65
2026-05-08,,cb_noredeem_20260508_1115.log,华特转债,118033,10,15,0.73
2026-05-08,,cb_noredeem_20260508_1115.log,星球转债,118041,7,15,0.95
2026-05-08,,cb_noredeem_20260508_1115.log,严牌转债,123243,2,15,1.58
2026-05-08,,cb_noredeem_20260508_1315.log,瑞丰转债,123126,14,15,-0.56
2026-05-08,,cb_noredeem_20260508_1315.log,华特转债,118033,10,15,-0.07
2026-05-08,,cb_noredeem_20260508_1315.log,翔丰转债,123225,9,15,0.56
2026-05-08,,cb_noredeem_20260508_1315.log,星球转债,118041,7,15,0.8
2026-05-08,,cb_noredeem_20260508_1315.log,严牌转债,123243,2,15,1.76
2026-05-08,,cb_noredeem_20260508_1345.log,瑞丰转债,123126,14,15,-0.22
2026-05-08,,cb_noredeem_20260508_1345.log,星球转债,118041,7,15,0.38
2026-05-08,,cb_noredeem_20260508_1345.log,华特转债,118033,10,15,0.51
2026-05-08,,cb_noredeem_20260508_1345.log,翔丰转债,123225,9,15,0.82
2026-05-08,,cb_noredeem_20260508_1345.log,严牌转债,123243,2,15,1.14
2026-05-08,,cb_noredeem_20260508_1345.log,帝欧转债,127047,14,15,1.82
2026-05-08,,cb_noredeem_20260508_1415.log,瑞丰转债,123126,14,15,-0.16
2026-05-08,,cb_noredeem_20260508_1415.log,华特转债,118033,10,15,0.29
2026-05-08,,cb_noredeem_20260508_1415.log,翔丰转债,123225,9,15,0.66
2026-05-08,,cb_noredeem_20260508_1415.log,星球转债,118041,7,15,0.77
2026-05-08,,cb_noredeem_20260508_1415.log,严牌转债,123243,2,15,1.18
2026-05-08,,cb_noredeem_20260508_1415.log,帝欧转债,127047,14,15,1.88
2026-05-08,,cb_noredeem_20260508_1445.log,华特转债,118033,10,15,-0.3
2026-05-08,,cb_noredeem_20260508_1445.log,瑞丰转债,123126,14,15,-0.11
2026-05-08,,cb_noredeem_20260508_1445.log,星球转债,118041,7,15,0.62
2026-05-08,,cb_noredeem_20260508_1445.log,翔丰转债,123225,9,15,1.0
2026-05-08,,cb_noredeem_20260508_1445.log,严牌转债,123243,2,15,1.17
2026-05-08,,cb_noredeem_20260508_1445.log,帝欧转债,127047,14,15,1.33
2026-05-08,,cb_noredeem_20260508_1445.log,超声转债,127026,5,15,1.68
2026-05-11,,cb_noredeem_20260511_0915.log,华特转债,118033,11,15,-0.2
2026-05-11,,cb_noredeem_20260511_0915.log,星球转债,118041,8,15,0.82
2026-05-11,,cb_noredeem_20260511_0915.log,翔丰转债,123225,10,15,0.96
2026-05-11,,cb_noredeem_20260511_0915.log,严牌转债,123243,3,15,1.26
2026-05-11,,cb_noredeem_20260511_0945.log,华特转债,118033,11,15,0.01
2026-05-11,,cb_noredeem_20260511_0945.log,星球转债,118041,8,15,0.66
2026-05-11,,cb_noredeem_20260511_0945.log,严牌转债,123243,3,15,1.07
2026-05-11,,cb_noredeem_20260511_0945.log,翔丰转债,123225,10,15,1.17
2026-05-11,,cb_noredeem_20260511_0945.log,永贵转债,123253,2,15,1.75
2026-05-11,,cb_noredeem_20260511_1015.log,华特转债,118033,11,15,-0.03
2026-05-11,,cb_noredeem_20260511_1015.log,星球转债,118041,8,15,0.6
2026-05-11,,cb_noredeem_20260511_1015.log,翔丰转债,123225,10,15,0.84
2026-05-11,,cb_noredeem_20260511_1015.log,永贵转债,123253,2,15,0.93
2026-05-11,,cb_noredeem_20260511_1015.log,严牌转债,123243,3,15,1.14
2026-05-11,,cb_noredeem_20260511_1045.log,华特转债,118033,11,15,0.3
2026-05-11,,cb_noredeem_20260511_1045.log,星球转债,118041,8,15,1.17
2026-05-11,,cb_noredeem_20260511_1045.log,翔丰转债,123225,10,15,1.18
2026-05-11,,cb_noredeem_20260511_1045.log,严牌转债,123243,3,15,1.25
2026-05-11,,cb_noredeem_20260511_1115.log,华特转债,118033,11,15,-0.1
2026-05-11,,cb_noredeem_20260511_1115.log,翔丰转债,123225,10,15,1.09
2026-05-11,,cb_noredeem_20260511_1115.log,严牌转债,123243,3,15,1.73
2026-05-11,,cb_noredeem_20260511_1115.log,星球转债,118041,8,15,1.81
2026-05-11,,cb_noredeem_20260511_1315.log,华特转债,118033,11,15,-0.6
2026-05-11,,cb_noredeem_20260511_1315.log,翔丰转债,123225,10,15,1.08
2026-05-11,,cb_noredeem_20260511_1315.log,严牌转债,123243,3,15,1.31
2026-05-11,,cb_noredeem_20260511_1345.log,华特转债,118033,11,15,-0.64
2026-05-11,,cb_noredeem_20260511_1345.log,翔丰转债,123225,10,15,1.06
2026-05-11,,cb_noredeem_20260511_1345.log,严牌转债,123243,3,15,1.45
2026-05-11,,cb_noredeem_20260511_1415.log,华特转债,118033,11,15,-0.81
2026-05-11,,cb_noredeem_20260511_1415.log,翔丰转债,123225,10,15,1.09
2026-05-11,,cb_noredeem_20260511_1415.log,严牌转债,123243,3,15,1.53
2026-05-11,,cb_noredeem_20260511_1445.log,华特转债,118033,11,15,-0.82
2026-05-11,,cb_noredeem_20260511_1445.log,翔丰转债,123225,10,15,0.8
2026-05-11,,cb_noredeem_20260511_1445.log,严牌转债,123243,3,15,1.1
2026-05-12,,cb_noredeem_20260512_0915.log,华特转债,118033,12,15,-1.22
2026-05-12,,cb_noredeem_20260512_0915.log,翔丰转债,123225,11,15,0.5
2026-05-12,,cb_noredeem_20260512_0915.log,严牌转债,123243,4,15,1.26
2026-05-12,,cb_noredeem_20260512_0945.log,华特转债,118033,12,15,-0.06
2026-05-12,,cb_noredeem_20260512_0945.log,严牌转债,123243,4,15,1.14
2026-05-12,,cb_noredeem_20260512_0945.log,翔丰转债,123225,11,15,1.29
2026-05-12,,cb_noredeem_20260512_1015.log,华特转债,118033,12,15,-0.69
2026-05-12,,cb_noredeem_20260512_1015.log,严牌转债,123243,4,15,0.63
2026-05-12,,cb_noredeem_20260512_1015.log,翔丰转债,123225,11,15,1.09
2026-05-12,,cb_noredeem_20260512_1045.log,华特转债,118033,12,15,-0.52
2026-05-12,,cb_noredeem_20260512_1045.log,翔丰转债,123225,11,15,0.93
2026-05-12,,cb_noredeem_20260512_1045.log,严牌转债,123243,4,15,1.11
2026-05-12,,cb_noredeem_20260512_1115.log,华特转债,118033,12,15,0.26
2026-05-12,,cb_noredeem_20260512_1115.log,严牌转债,123243,4,15,0.39
2026-05-12,,cb_noredeem_20260512_1115.log,翔丰转债,123225,11,15,0.98
2026-05-12,,cb_noredeem_20260512_1115.log,帝尔转债,123121,14,15,1.27
2026-05-12,,cb_noredeem_20260512_1115.log,洁美转债,128137,1,15,1.62
2026-05-12,,cb_noredeem_20260512_1315.log,华特转债,118033,12,15,0.6
2026-05-12,,cb_noredeem_20260512_1315.log,严牌转债,123243,4,15,1.13
2026-05-12,,cb_noredeem_20260512_1315.log,翔丰转债,123225,11,15,1.32
2026-05-12,,cb_noredeem_20260512_1345.log,华特转债,118033,12,15,-0.1
2026-05-12,,cb_noredeem_20260512_1345.log,严牌转债,123243,4,15,0.83
2026-05-12,,cb_noredeem_20260512_1345.log,翔丰转债,123225,11,15,1.25
2026-05-12,,cb_noredeem_20260512_1345.log,帝尔转债,123121,14,15,1.66
2026-05-12,,cb_noredeem_20260512_1415.log,华特转债,118033,12,15,-0.09
2026-05-12,,cb_noredeem_20260512_1415.log,严牌转债,123243,4,15,0.45
2026-05-12,,cb_noredeem_20260512_1415.log,翔丰转债,123225,11,15,1.04
2026-05-12,,cb_noredeem_20260512_1415.log,帝尔转债,123121,14,15,1.65
2026-05-12,,cb_noredeem_20260512_1445.log,华特转债,118033,12,15,-0.33
2026-05-12,,cb_noredeem_20260512_1445.log,翔丰转债,123225,11,15,-0.02
2026-05-12,,cb_noredeem_20260512_1445.log,严牌转债,123243,4,15,0.13
2026-05-12,,cb_noredeem_20260512_1445.log,帝尔转债,123121,14,15,0.99
2026-05-12,,cb_noredeem_20260512_1445.log,洁美转债,128137,1,15,1.67
2026-05-12,,cb_noredeem_20260512_1445.log,超声转债,127026,7,15,1.87
2026-05-13,,cb_noredeem_20260513_0915.log,严牌转债,123243,5,15,0.11
2026-05-13,,cb_noredeem_20260513_0915.log,翔丰转债,123225,12,15,0.27
2026-05-13,,cb_noredeem_20260513_0915.log,华特转债,118033,13,15,0.78
2026-05-13,,cb_noredeem_20260513_0915.log,洁美转债,128137,2,15,1.29
2026-05-13,,cb_noredeem_20260513_0915.log,京源转债,118016,2,15,1.8
2026-05-13,,cb_noredeem_20260513_0915.log,超声转债,127026,8,15,1.82
2026-05-13,,cb_noredeem_20260513_0945.log,翔丰转债,123225,12,15,-0.03
2026-05-13,,cb_noredeem_20260513_0945.log,严牌转债,123243,5,15,0.28
2026-05-13,,cb_noredeem_20260513_0945.log,华特转债,118033,13,15,0.36
2026-05-13,,cb_noredeem_20260513_0945.log,超声转债,127026,8,15,1.71
2026-05-13,,cb_noredeem_20260513_0945.log,星球转债,118041,10,15,1.78
2026-05-13,,cb_noredeem_20260513_1015.log,华特转债,118033,13,15,-0.25
2026-05-13,,cb_noredeem_20260513_1015.log,翔丰转债,123225,12,15,-0.16
2026-05-13,,cb_noredeem_20260513_1015.log,严牌转债,123243,5,15,-0.06
2026-05-13,,cb_noredeem_20260513_1015.log,星球转债,118041,10,15,0.8
2026-05-13,,cb_noredeem_20260513_1015.log,京源转债,118016,2,15,1.43
2026-05-13,,cb_noredeem_20260513_1015.log,超声转债,127026,8,15,1.46
2026-05-13,,cb_noredeem_20260513_1045.log,翔丰转债,123225,12,15,-0.08
2026-05-13,,cb_noredeem_20260513_1045.log,华特转债,118033,13,15,-0.04
2026-05-13,,cb_noredeem_20260513_1045.log,严牌转债,123243,5,15,-0.03
2026-05-13,,cb_noredeem_20260513_1045.log,星球转债,118041,10,15,0.02
2026-05-13,,cb_noredeem_20260513_1045.log,京源转债,118016,2,15,1.21
2026-05-13,,cb_noredeem_20260513_1045.log,超声转债,127026,8,15,1.47
2026-05-13,,cb_noredeem_20260513_1045.log,佳力转债,113597,6,15,1.84
2026-05-13,,cb_noredeem_20260513_1115.log,华特转债,118033,13,15,-0.77
2026-05-13,,cb_noredeem_20260513_1115.log,星球转债,118041,10,15,-0.64
2026-05-13,,cb_noredeem_20260513_1115.log,严牌转债,123243,5,15,-0.29
2026-05-13,,cb_noredeem_20260513_1115.log,翔丰转债,123225,12,15,0.14
2026-05-13,,cb_noredeem_20260513_1115.log,超声转债,127026,8,15,0.5
2026-05-13,,cb_noredeem_20260513_1115.log,京源转债,118016,2,15,1.55
2026-05-13,,cb_noredeem_20260513_1315.log,星球转债,118041,10,15,-1.05
2026-05-13,,cb_noredeem_20260513_1315.log,华特转债,118033,13,15,-0.17
2026-05-13,,cb_noredeem_20260513_1315.log,翔丰转债,123225,12,15,-0.13
2026-05-13,,cb_noredeem_20260513_1315.log,严牌转债,123243,5,15,-0.08
2026-05-13,,cb_noredeem_20260513_1315.log,超声转债,127026,8,15,1.52
2026-05-13,,cb_noredeem_20260513_1345.log,星球转债,118041,10,15,-1.29
2026-05-13,,cb_noredeem_20260513_1345.log,翔丰转债,123225,12,15,-0.24
2026-05-13,,cb_noredeem_20260513_1345.log,严牌转债,123243,5,15,-0.05
2026-05-13,,cb_noredeem_20260513_1345.log,华特转债,118033,13,15,-0.03
2026-05-13,,cb_noredeem_20260513_1345.log,金埔转债,123198,2,15,1.59
2026-05-13,,cb_noredeem_20260513_1345.log,超声转债,127026,8,15,1.7
2026-05-13,,cb_noredeem_20260513_1415.log,华特转债,118033,13,15,-1.55
2026-05-13,,cb_noredeem_20260513_1415.log,星球转债,118041,10,15,-1.24
2026-05-13,,cb_noredeem_20260513_1415.log,翔丰转债,123225,12,15,-0.05
2026-05-13,,cb_noredeem_20260513_1415.log,严牌转债,123243,5,15,0.21
2026-05-13,,cb_noredeem_20260513_1415.log,超声转债,127026,8,15,1.87
2026-05-13,,cb_noredeem_20260513_1445.log,华特转债,118033,13,15,-0.98
2026-05-13,,cb_noredeem_20260513_1445.log,星球转债,118041,10,15,-0.95
2026-05-13,,cb_noredeem_20260513_1445.log,翔丰转债,123225,12,15,-0.25
2026-05-13,,cb_noredeem_20260513_1445.log,严牌转债,123243,5,15,0.56
2026-05-13,,cb_noredeem_20260513_1445.log,超声转债,127026,8,15,1.7
2026-05-14,,cb_noredeem_20260514_0915.log,星球转债,118041,11,15,-1.15
2026-05-14,,cb_noredeem_20260514_0915.log,华特转债,118033,14,15,-0.73
2026-05-14,,cb_noredeem_20260514_0915.log,翔丰转债,123225,13,15,-0.38
2026-05-14,,cb_noredeem_20260514_0915.log,严牌转债,123243,6,15,0.07
2026-05-14,,cb_noredeem_20260514_0915.log,超声转债,127026,9,15,1.49
2026-05-14,,cb_noredeem_20260514_0945.log,瑞科转债,118018,5,15,-1.26
2026-05-14,,cb_noredeem_20260514_0945.log,华特转债,118033,14,15,-0.58
2026-05-14,,cb_noredeem_20260514_0945.log,星球转债,118041,11,15,0.31
2026-05-14,,cb_noredeem_20260514_0945.log,严牌转债,123243,6,15,0.65
2026-05-14,,cb_noredeem_20260514_0945.log,金埔转债,123198,3,15,1.23
2026-05-14,,cb_noredeem_20260514_0945.log,翔丰转债,123225,13,15,1.26
2026-05-14,,cb_noredeem_20260514_0945.log,超声转债,127026,9,15,1.45
2026-05-14,,cb_noredeem_20260514_1015.log,星球转债,118041,11,15,-1.02
2026-05-14,,cb_noredeem_20260514_1015.log,华特转债,118033,14,15,0.15
2026-05-14,,cb_noredeem_20260514_1015.log,严牌转债,123243,6,15,0.26
2026-05-14,,cb_noredeem_20260514_1015.log,瑞科转债,118018,5,15,0.3
2026-05-14,,cb_noredeem_20260514_1015.log,金埔转债,123198,3,15,0.4
2026-05-14,,cb_noredeem_20260514_1015.log,翔丰转债,123225,13,15,0.66
2026-05-14,,cb_noredeem_20260514_1015.log,洁美转债,128137,3,15,0.79
2026-05-14,,cb_noredeem_20260514_1015.log,超声转债,127026,9,15,1.34
2026-05-14,,cb_noredeem_20260514_1015.log,利柏转债,111023,6,15,1.74
2026-05-14,,cb_noredeem_20260514_1015.log,京源转债,118016,3,15,1.94
2026-05-14,,cb_noredeem_20260514_1045.log,星球转债,118041,11,15,-0.47
2026-05-14,,cb_noredeem_20260514_1045.log,金埔转债,123198,3,15,0.15
2026-05-14,,cb_noredeem_20260514_1045.log,严牌转债,123243,6,15,0.15
2026-05-14,,cb_noredeem_20260514_1045.log,瑞科转债,118018,5,15,0.38
2026-05-14,,cb_noredeem_20260514_1045.log,洁美转债,128137,3,15,0.51
2026-05-14,,cb_noredeem_20260514_1045.log,华特转债,118033,14,15,0.53
2026-05-14,,cb_noredeem_20260514_1045.log,翔丰转债,123225,13,15,1.05
2026-05-14,,cb_noredeem_20260514_1045.log,利柏转债,111023,6,15,1.92
2026-05-14,,cb_noredeem_20260514_1115.log,星球转债,118041,11,15,-0.66
2026-05-14,,cb_noredeem_20260514_1115.log,华特转债,118033,14,15,-0.24
2026-05-14,,cb_noredeem_20260514_1115.log,严牌转债,123243,6,15,0.09
2026-05-14,,cb_noredeem_20260514_1115.log,洁美转债,128137,3,15,0.17
2026-05-14,,cb_noredeem_20260514_1115.log,翔丰转债,123225,13,15,0.51
2026-05-14,,cb_noredeem_20260514_1115.log,瑞科转债,118018,5,15,0.55
2026-05-14,,cb_noredeem_20260514_1115.log,金埔转债,123198,3,15,0.64
2026-05-14,,cb_noredeem_20260514_1115.log,超声转债,127026,9,15,1.93
2026-05-14,,cb_noredeem_20260514_1315.log,星球转债,118041,11,15,-0.87
2026-05-14,,cb_noredeem_20260514_1315.log,华特转债,118033,14,15,-0.66
2026-05-14,,cb_noredeem_20260514_1315.log,瑞科转债,118018,5,15,-0.18
2026-05-14,,cb_noredeem_20260514_1315.log,严牌转债,123243,6,15,-0.06
2026-05-14,,cb_noredeem_20260514_1315.log,洁美转债,128137,3,15,0.0
2026-05-14,,cb_noredeem_20260514_1315.log,金埔转债,123198,3,15,0.29
2026-05-14,,cb_noredeem_20260514_1315.log,翔丰转债,123225,13,15,0.59
2026-05-14,,cb_noredeem_20260514_1315.log,超声转债,127026,9,15,1.39
2026-05-14,,cb_noredeem_20260514_1345.log,瑞科转债,118018,5,15,-1.75
2026-05-14,,cb_noredeem_20260514_1345.log,星球转债,118041,11,15,-1.18
2026-05-14,,cb_noredeem_20260514_1345.log,金埔转债,123198,3,15,-0.6
2026-05-14,,cb_noredeem_20260514_1345.log,华特转债,118033,14,15,-0.57
2026-05-14,,cb_noredeem_20260514_1345.log,严牌转债,123243,6,15,-0.16
2026-05-14,,cb_noredeem_20260514_1345.log,翔丰转债,123225,13,15,0.88
2026-05-14,,cb_noredeem_20260514_1345.log,超声转债,127026,9,15,1.06
2026-05-14,,cb_noredeem_20260514_1345.log,洁美转债,128137,3,15,1.42
2026-05-14,,cb_noredeem_20260514_1345.log,京源转债,118016,3,15,1.53
2026-05-14,,cb_noredeem_20260514_1345.log,利柏转债,111023,6,15,1.89
2026-05-14,,cb_noredeem_20260514_1415.log,瑞科转债,118018,5,15,-3.22
2026-05-14,,cb_noredeem_20260514_1415.log,华特转债,118033,14,15,-1.44
2026-05-14,,cb_noredeem_20260514_1415.log,星球转债,118041,11,15,-0.79
2026-05-14,,cb_noredeem_20260514_1415.log,金埔转债,123198,3,15,-0.22
2026-05-14,,cb_noredeem_20260514_1415.log,严牌转债,123243,6,15,0.36
2026-05-14,,cb_noredeem_20260514_1415.log,翔丰转债,123225,13,15,0.88
2026-05-14,,cb_noredeem_20260514_1415.log,洁美转债,128137,3,15,1.12
2026-05-14,,cb_noredeem_20260514_1415.log,超声转债,127026,9,15,1.43
2026-05-14,,cb_noredeem_20260514_1415.log,利柏转债,111023,6,15,1.7
2026-05-14,,cb_noredeem_20260514_1445.log,瑞科转债,118018,5,15,-1.36
2026-05-14,,cb_noredeem_20260514_1445.log,华特转债,118033,14,15,-0.59
2026-05-14,,cb_noredeem_20260514_1445.log,金埔转债,123198,3,15,-0.2
2026-05-14,,cb_noredeem_20260514_1445.log,星球转债,118041,11,15,-0.15
2026-05-14,,cb_noredeem_20260514_1445.log,严牌转债,123243,6,15,0.34
2026-05-14,,cb_noredeem_20260514_1445.log,翔丰转债,123225,13,15,0.84
2026-05-14,,cb_noredeem_20260514_1445.log,洁美转债,128137,3,15,1.32
2026-05-14,,cb_noredeem_20260514_1445.log,超声转债,127026,9,15,1.39
2026-05-14,,cb_noredeem_20260514_1445.log,利柏转债,111023,6,15,1.44
2026-05-14,,cb_noredeem_20260514_1445.log,京源转债,118016,3,15,1.46
2026-05-15,,cb_noredeem_20260515_0915.log,瑞科转债,118018,6,15,-0.96
2026-05-15,,cb_noredeem_20260515_0915.log,星球转债,118041,12,15,-0.48
2026-05-15,,cb_noredeem_20260515_0915.log,金埔转债,123198,4,15,0.78
2026-05-15,,cb_noredeem_20260515_0915.log,严牌转债,123243,7,15,0.97
2026-05-15,,cb_noredeem_20260515_0915.log,翔丰转债,123225,14,15,1.27
2026-05-15,,cb_noredeem_20260515_0915.log,京源转债,118016,4,15,1.59
2026-05-15,,cb_noredeem_20260515_0915.log,超声转债,127026,10,15,1.66
2026-05-15,,cb_noredeem_20260515_0915.log,利柏转债,111023,7,15,1.71
2026-05-15,,cb_noredeem_20260515_0915.log,洁美转债,128137,4,15,1.82
2026-05-15,,cb_noredeem_20260515_0945.log,星球转债,118041,12,15,-0.55
2026-05-15,,cb_noredeem_20260515_0945.log,严牌转债,123243,7,15,-0.31
2026-05-15,,cb_noredeem_20260515_0945.log,金埔转债,123198,4,15,-0.22
2026-05-15,,cb_noredeem_20260515_0945.log,京源转债,118016,4,15,0.94
2026-05-15,,cb_noredeem_20260515_0945.log,瑞科转债,118018,6,15,1.09
2026-05-15,,cb_noredeem_20260515_0945.log,利柏转债,111023,7,15,1.4
2026-05-15,,cb_noredeem_20260515_0945.log,洁美转债,128137,4,15,1.9
2026-05-15,,cb_noredeem_20260515_0945.log,超声转债,127026,10,15,1.93
2026-05-15,,cb_noredeem_20260515_1015.log,严牌转债,123243,7,15,-0.41
2026-05-15,,cb_noredeem_20260515_1015.log,瑞科转债,118018,6,15,-0.37
2026-05-15,,cb_noredeem_20260515_1015.log,星球转债,118041,12,15,-0.15
2026-05-15,,cb_noredeem_20260515_1015.log,金埔转债,123198,4,15,0.02
2026-05-15,,cb_noredeem_20260515_1015.log,利柏转债,111023,7,15,0.59
2026-05-15,,cb_noredeem_20260515_1015.log,京源转债,118016,4,15,1.56
2026-05-15,,cb_noredeem_20260515_1045.log,星球转债,118041,12,15,-2.03
2026-05-15,,cb_noredeem_20260515_1045.log,严牌转债,123243,7,15,-0.3
2026-05-15,,cb_noredeem_20260515_1045.log,瑞科转债,118018,6,15,-0.18
2026-05-15,,cb_noredeem_20260515_1045.log,金埔转债,123198,4,15,0.54
2026-05-15,,cb_noredeem_20260515_1045.log,利柏转债,111023,7,15,0.87
2026-05-15,,cb_noredeem_20260515_1045.log,艾迪转债,113644,6,15,0.97
2026-05-15,,cb_noredeem_20260515_1045.log,京源转债,118016,4,15,1.82
2026-05-15,,cb_noredeem_20260515_1115.log,星球转债,118041,12,15,-1.59
2026-05-15,,cb_noredeem_20260515_1115.log,严牌转债,123243,7,15,-0.38
2026-05-15,,cb_noredeem_20260515_1115.log,艾迪转债,113644,6,15,0.86
2026-05-15,,cb_noredeem_20260515_1115.log,瑞科转债,118018,6,15,1.01
2026-05-15,,cb_noredeem_20260515_1115.log,金埔转债,123198,4,15,1.46
2026-05-15,,cb_noredeem_20260515_1115.log,利柏转债,111023,7,15,1.65
2026-05-15,,cb_noredeem_20260515_1115.log,超声转债,127026,10,15,1.98
2026-05-15,,cb_noredeem_20260515_1315.log,星球转债,118041,12,15,-0.96
2026-05-15,,cb_noredeem_20260515_1315.log,严牌转债,123243,7,15,-0.35
2026-05-15,,cb_noredeem_20260515_1315.log,艾迪转债,113644,6,15,0.84
2026-05-15,,cb_noredeem_20260515_1315.log,瑞科转债,118018,6,15,0.93
2026-05-15,,cb_noredeem_20260515_1315.log,金埔转债,123198,4,15,0.93
2026-05-15,,cb_noredeem_20260515_1315.log,利柏转债,111023,7,15,1.07
2026-05-15,,cb_noredeem_20260515_1315.log,京源转债,118016,4,15,1.41
2026-05-15,,cb_noredeem_20260515_1345.log,星球转债,118041,12,15,-1.52
2026-05-15,,cb_noredeem_20260515_1345.log,严牌转债,123243,7,15,0.72
2026-05-15,,cb_noredeem_20260515_1345.log,利柏转债,111023,7,15,1.17
2026-05-15,,cb_noredeem_20260515_1345.log,艾迪转债,113644,6,15,1.23
2026-05-15,,cb_noredeem_20260515_1345.log,瑞科转债,118018,6,15,1.26
2026-05-15,,cb_noredeem_20260515_1345.log,金埔转债,123198,4,15,1.29
2026-05-15,,cb_noredeem_20260515_1415.log,星球转债,118041,12,15,-1.2
2026-05-15,,cb_noredeem_20260515_1415.log,严牌转债,123243,7,15,0.09
2026-05-15,,cb_noredeem_20260515_1415.log,艾迪转债,113644,6,15,0.96
2026-05-15,,cb_noredeem_20260515_1415.log,瑞科转债,118018,6,15,1.23
2026-05-15,,cb_noredeem_20260515_1415.log,利柏转债,111023,7,15,1.26
2026-05-15,,cb_noredeem_20260515_1415.log,金埔转债,123198,4,15,1.94
2026-05-15,,cb_noredeem_20260515_1445.log,星球转债,118041,12,15,-1.41
2026-05-15,,cb_noredeem_20260515_1445.log,严牌转债,123243,7,15,-0.58
2026-05-15,,cb_noredeem_20260515_1445.log,艾迪转债,113644,6,15,0.85
2026-05-15,,cb_noredeem_20260515_1445.log,瑞科转债,118018,6,15,0.92
2026-05-15,,cb_noredeem_20260515_1445.log,利柏转债,111023,7,15,0.99
2026-05-18,,cb_noredeem_20260518_0915.log,星球转债,118041,13,15,-1.82
2026-05-18,,cb_noredeem_20260518_0915.log,严牌转债,123243,8,15,-0.6
2026-05-18,,cb_noredeem_20260518_0915.log,利柏转债,111023,8,15,0.59
2026-05-18,,cb_noredeem_20260518_0915.log,艾迪转债,113644,7,15,0.6
2026-05-18,,cb_noredeem_20260518_0915.log,瑞科转债,118018,7,15,0.83
2026-05-18,,cb_noredeem_20260518_0915.log,京源转债,118016,5,15,1.54
2026-05-18,,cb_noredeem_20260518_0915.log,金埔转债,123198,5,15,1.83
2026-05-18,,cb_noredeem_20260518_0945.log,瑞科转债,118018,7,15,-0.56
2026-05-18,,cb_noredeem_20260518_0945.log,星球转债,118041,13,15,0.15
2026-05-18,,cb_noredeem_20260518_0945.log,严牌转债,123243,8,15,0.2
2026-05-18,,cb_noredeem_20260518_0945.log,金埔转债,123198,5,15,0.81
2026-05-18,,cb_noredeem_20260518_0945.log,利柏转债,111023,8,15,1.12
2026-05-18,,cb_noredeem_20260518_0945.log,艾迪转债,113644,7,15,1.86
2026-05-18,,cb_noredeem_20260518_1015.log,严牌转债,123243,8,15,-0.27
2026-05-18,,cb_noredeem_20260518_1015.log,瑞科转债,118018,7,15,0.11
2026-05-18,,cb_noredeem_20260518_1015.log,金埔转债,123198,5,15,0.87
2026-05-18,,cb_noredeem_20260518_1015.log,星球转债,118041,13,15,1.13
2026-05-18,,cb_noredeem_20260518_1015.log,利柏转债,111023,8,15,1.94
2026-05-18,,cb_noredeem_20260518_1045.log,瑞科转债,118018,7,15,-0.67
2026-05-18,,cb_noredeem_20260518_1045.log,严牌转债,123243,8,15,-0.2
2026-05-18,,cb_noredeem_20260518_1045.log,星球转债,118041,13,15,1.24
2026-05-18,,cb_noredeem_20260518_1045.log,金埔转债,123198,5,15,1.37
2026-05-18,,cb_noredeem_20260518_1115.log,瑞科转债,118018,7,15,-0.24
2026-05-18,,cb_noredeem_20260518_1115.log,严牌转债,123243,8,15,-0.07
2026-05-18,,cb_noredeem_20260518_1115.log,星球转债,118041,13,15,0.65
2026-05-18,,cb_noredeem_20260518_1115.log,金埔转债,123198,5,15,1.45
2026-05-18,,cb_noredeem_20260518_1315.log,严牌转债,123243,8,15,-0.02
2026-05-18,,cb_noredeem_20260518_1315.log,瑞科转债,118018,7,15,0.04
2026-05-18,,cb_noredeem_20260518_1315.log,星球转债,118041,13,15,0.63
2026-05-18,,cb_noredeem_20260518_1315.log,利柏转债,111023,8,15,1.26
2026-05-18,,cb_noredeem_20260518_1315.log,金埔转债,123198,5,15,1.35
2026-05-18,,cb_noredeem_20260518_1345.log,瑞科转债,118018,7,15,-0.32
2026-05-18,,cb_noredeem_20260518_1345.log,严牌转债,123243,8,15,-0.22
2026-05-18,,cb_noredeem_20260518_1345.log,星球转债,118041,13,15,0.29
2026-05-18,,cb_noredeem_20260518_1345.log,金埔转债,123198,5,15,0.51
2026-05-18,,cb_noredeem_20260518_1345.log,利柏转债,111023,8,15,0.78
2026-05-18,,cb_noredeem_20260518_1415.log,瑞科转债,118018,7,15,-0.37
2026-05-18,,cb_noredeem_20260518_1415.log,严牌转债,123243,8,15,-0.16
2026-05-18,,cb_noredeem_20260518_1415.log,星球转债,118041,13,15,0.25
2026-05-18,,cb_noredeem_20260518_1415.log,金埔转债,123198,5,15,0.91
2026-05-18,,cb_noredeem_20260518_1415.log,利柏转债,111023,8,15,1.37
2026-05-18,,cb_noredeem_20260518_1445.log,严牌转债,123243,8,15,-0.36
2026-05-18,,cb_noredeem_20260518_1445.log,瑞科转债,118018,7,15,-0.17
2026-05-18,,cb_noredeem_20260518_1445.log,金埔转债,123198,5,15,0.23
2026-05-18,,cb_noredeem_20260518_1445.log,星球转债,118041,13,15,0.27
2026-05-18,,cb_noredeem_20260518_1445.log,利柏转债,111023,8,15,1.49
2026-05-19,,cb_noredeem_20260519_0915.log,瑞科转债,118018,8,15,-0.57
2026-05-19,,cb_noredeem_20260519_0915.log,严牌转债,123243,9,15,-0.25
2026-05-19,,cb_noredeem_20260519_0915.log,星球转债,118041,14,15,0.55
2026-05-19,,cb_noredeem_20260519_0915.log,金埔转债,123198,6,15,0.61
2026-05-19,,cb_noredeem_20260519_0915.log,兴瑞转债,127090,11,15,1.26
2026-05-19,,cb_noredeem_20260519_0915.log,京源转债,118016,6,15,1.59
2026-05-19,,cb_noredeem_20260519_0945.log,严牌转债,123243,9,15,-0.05
2026-05-19,,cb_noredeem_20260519_0945.log,瑞科转债,118018,8,15,0.35
2026-05-19,,cb_noredeem_20260519_0945.log,金埔转债,123198,6,15,0.51
2026-05-19,,cb_noredeem_20260519_0945.log,星球转债,118041,14,15,0.61
2026-05-19,,cb_noredeem_20260519_0945.log,利柏转债,111023,9,15,1.08
2026-05-19,,cb_noredeem_20260519_0945.log,洁美转债,128137,6,15,1.34
2026-05-19,,cb_noredeem_20260519_0945.log,兴瑞转债,127090,11,15,1.41
2026-05-19,,cb_noredeem_20260519_0945.log,艾迪转债,113644,8,15,1.49
2026-05-19,,cb_noredeem_20260519_0945.log,京源转债,118016,6,15,1.82
2026-05-19,,cb_noredeem_20260519_1015.log,严牌转债,123243,9,15,-0.28
2026-05-19,,cb_noredeem_20260519_1015.log,金埔转债,123198,6,15,0.14
2026-05-19,,cb_noredeem_20260519_1015.log,瑞科转债,118018,8,15,0.78
2026-05-19,,cb_noredeem_20260519_1015.log,星球转债,118041,14,15,0.95
2026-05-19,,cb_noredeem_20260519_1015.log,洁美转债,128137,6,15,1.45
2026-05-19,,cb_noredeem_20260519_1015.log,利柏转债,111023,9,15,1.91
2026-05-19,,cb_noredeem_20260519_1045.log,严牌转债,123243,9,15,0.0
2026-05-19,,cb_noredeem_20260519_1045.log,瑞科转债,118018,8,15,0.81
2026-05-19,,cb_noredeem_20260519_1045.log,金埔转债,123198,6,15,0.94
2026-05-19,,cb_noredeem_20260519_1045.log,洁美转债,128137,6,15,1.64
2026-05-19,,cb_noredeem_20260519_1045.log,星球转债,118041,14,15,1.83
2026-05-19,,cb_noredeem_20260519_1115.log,严牌转债,123243,9,15,-0.2
2026-05-19,,cb_noredeem_20260519_1115.log,星球转债,118041,14,15,0.89
2026-05-19,,cb_noredeem_20260519_1115.log,瑞科转债,118018,8,15,0.97
2026-05-19,,cb_noredeem_20260519_1115.log,金埔转债,123198,6,15,1.63
2026-05-19,,cb_noredeem_20260519_1115.log,洁美转债,128137,6,15,1.95
2026-05-19,,cb_noredeem_20260519_1145.log,严牌转债,123243,9,15,-0.08
2026-05-19,,cb_noredeem_20260519_1145.log,星球转债,118041,14,15,0.87
2026-05-19,,cb_noredeem_20260519_1145.log,瑞科转债,118018,8,15,1.32
2026-05-19,,cb_noredeem_20260519_1145.log,金埔转债,123198,6,15,1.39
2026-05-19,,cb_noredeem_20260519_1315.log,严牌转债,123243,9,15,0.05
2026-05-19,,cb_noredeem_20260519_1315.log,金埔转债,123198,6,15,0.83
2026-05-19,,cb_noredeem_20260519_1315.log,洁美转债,128137,6,15,1.11
2026-05-19,,cb_noredeem_20260519_1315.log,瑞科转债,118018,8,15,1.61
2026-05-19,,cb_noredeem_20260519_1315.log,星球转债,118041,14,15,1.62
2026-05-19,,cb_noredeem_20260519_1315.log,艾迪转债,113644,8,15,1.99
2026-05-19,,cb_noredeem_20260519_1345.log,严牌转债,123243,9,15,0.19
2026-05-19,,cb_noredeem_20260519_1345.log,洁美转债,128137,6,15,0.89
2026-05-19,,cb_noredeem_20260519_1345.log,星球转债,118041,14,15,0.95
2026-05-19,,cb_noredeem_20260519_1345.log,艾迪转债,113644,8,15,1.48
2026-05-19,,cb_noredeem_20260519_1345.log,金埔转债,123198,6,15,1.65
2026-05-19,,cb_noredeem_20260519_1415.log,严牌转债,123243,9,15,0.46
2026-05-19,,cb_noredeem_20260519_1415.log,洁美转债,128137,6,15,0.59
2026-05-19,,cb_noredeem_20260519_1415.log,星球转债,118041,14,15,1.15
2026-05-19,,cb_noredeem_20260519_1415.log,艾迪转债,113644,8,15,1.64
2026-05-19,,cb_noredeem_20260519_1415.log,金埔转债,123198,6,15,1.71
2026-05-19,,cb_noredeem_20260519_1445.log,严牌转债,123243,9,15,0.01
2026-05-19,,cb_noredeem_20260519_1445.log,星球转债,118041,14,15,1.08
2026-05-19,,cb_noredeem_20260519_1445.log,艾迪转债,113644,8,15,1.47
2026-05-19,,cb_noredeem_20260519_1445.log,金埔转债,123198,6,15,1.74
2026-05-19,,cb_noredeem_20260519_1515.log,严牌转债,123243,10,15,0.26
2026-05-19,,cb_noredeem_20260519_1515.log,星球转债,118041,15,15,0.51
2026-05-19,,cb_noredeem_20260519_1515.log,艾迪转债,113644,9,15,1.19
2026-05-19,,cb_noredeem_20260519_1515.log,金埔转债,123198,7,15,1.56
