date,push_time,log_file,hit_count,bonds
2026-04-22,,cb_noredeem_20260422_0100.log,2,超达转债|华兴转债
2026-04-23,,cb_noredeem_20260423_0100.log,2,超达转债|盈峰转债
2026-04-24,,cb_noredeem_20260424_0100.log,5,超达转债|翔丰转债|瑞丰转债|华特转债|盈峰转债
2026-04-25,,cb_noredeem_20260425_0100.log,5,盈峰转债|超达转债|华特转债|博瑞转债|翔丰转债
2026-04-26,,cb_noredeem_20260426_0100.log,5,盈峰转债|超达转债|华特转债|博瑞转债|翔丰转债
2026-04-27,,cb_noredeem_20260427_0100.log,5,盈峰转债|超达转债|华特转债|博瑞转债|翔丰转债
2026-04-28,,cb_noredeem_20260428_0100.log,3,华特转债|盈峰转债|超达转债
2026-04-29,,cb_noredeem_20260429_0100.log,3,瑞丰转债|超达转债|华特转债
2026-04-30,,cb_noredeem_20260430_0900.log,7,帝欧转债|瑞丰转债|盈峰转债|翔丰转债|华特转债|星球转债|超达转债
2026-05-01,,cb_noredeem_20260501_0900.log,7,盈峰转债|帝欧转债|瑞丰转债|星球转债|华特转债|翔丰转债|超达转债
2026-05-04,,cb_noredeem_20260504_0900.log,6,盈峰转债|帝欧转债|瑞丰转债|星球转债|华特转债|翔丰转债
2026-05-05,,cb_noredeem_20260505_0900.log,6,盈峰转债|帝欧转债|瑞丰转债|星球转债|华特转债|翔丰转债
2026-05-06,,cb_noredeem_20260506_0900.log,5,帝欧转债|瑞丰转债|星球转债|华特转债|翔丰转债
2026-05-07,,cb_noredeem_20260507_0915.log,6,帝欧转债|华特转债|翔丰转债|严牌转债|瑞丰转债|星球转债
2026-05-08,,cb_noredeem_20260508_0915.log,6,帝欧转债|瑞丰转债|翔丰转债|星球转债|严牌转债|华特转债
2026-05-11,,cb_noredeem_20260511_0915.log,4,华特转债|星球转债|翔丰转债|严牌转债
2026-05-12,,cb_noredeem_20260512_0915.log,3,华特转债|翔丰转债|严牌转债
2026-05-13,,cb_noredeem_20260513_0915.log,6,严牌转债|翔丰转债|华特转债|洁美转债|京源转债|超声转债
2026-05-14,,cb_noredeem_20260514_0915.log,5,星球转债|华特转债|翔丰转债|严牌转债|超声转债
2026-05-15,,cb_noredeem_20260515_0915.log,9,瑞科转债|星球转债|金埔转债|严牌转债|翔丰转债|京源转债|超声转债|利柏转债|洁美转债
2026-05-18,,cb_noredeem_20260518_0915.log,7,星球转债|严牌转债|利柏转债|艾迪转债|瑞科转债|京源转债|金埔转债
2026-05-19,,cb_noredeem_20260519_0915.log,6,瑞科转债|严牌转债|星球转债|金埔转债|兴瑞转债|京源转债
2026-05-20,,cb_noredeem_20260520_0915.log,3,严牌转债|艾迪转债|金埔转债
2026-05-21,,cb_noredeem_20260521_0915.log,4,瑞科转债|严牌转债|洁美转债|艾迪转债
2026-05-22,,cb_noredeem_20260522_0915.log,2,瑞科转债|严牌转债
